Transaction_ID,Date,Customer_Name,Location,Category,Product_Name,Quantity,Unit_Cost_USD,Unit_Price_USD,Total_Revenue_USD,Total_Cost_USD,Profit_USD,Payment_Method,Sales_Rep
KT-2026-0001,2026-08-21,Abdirahman Geedi Yusuf,Garowe,Mobile Phones,Tecno Camon 30 Pro,1,210,260,260,210,50,EVC Plus,Muna Said
KT-2026-0002,2026-08-09,Farhan Hassan Mohamed,Mogadishu,Mobile Phones,iPhone 15 128GB,1,650,780,780,650,130,eDahab,Abdirizak Noor
KT-2026-0003,2026-06-04,Suaad Dualeh Adan,Baidoa,Mobile Phones,Tecno Camon 30 Pro,1,210,260,260,210,50,Sahal,Sharmaarke Ali
KT-2026-0004,2026-06-21,Maryan Yusuf Farah,Garowe,Accessories,Samsung Galaxy Buds 2 Pro,6,110,150,900,660,240,EVC Plus,Sharmaarke Ali
KT-2026-0005,2026-07-19,Sharmaarke Ibrahim Gedi,Kismayo,Accessories,Fast Charger 65W GaN Dual Port,1,12,24,24,12,12,Cash USD,Zahra Jama
KT-2026-0006,2026-08-08,Jibril Abdullahi Hussein,Kismayo,Accessories,Baseus 100W Fast Charging Cable,6,5,12,72,30,42,eDahab,Fadumo Hussein
KT-2026-0007,2026-08-30,Mohamed Cali Osman,Kismayo,Mobile Phones,iPhone 15 128GB,2,650,780,1560,1300,260,EVC Plus,Zahra Jama
KT-2026-0008,2026-07-06,Sundus Ibrahim Jama,Galkayo,Mobile Phones,Infinix Note 40 Pro,1,175,220,220,175,45,Sahal,Muna Said
KT-2026-0009,2026-08-27,Anas Dualeh Jama,Garowe,Mobile Phones,Samsung Galaxy A16 5G,1,110,145,145,110,35,Sahal,Muna Said
KT-2026-0010,2026-08-28,Ayaanle Liban Mohamed,Garowe,Accessories,Baseus 100W Fast Charging Cable,1,5,12,12,5,7,Sahal,Zahra Jama
KT-2026-0011,2026-07-05,Hamse Barre Adan,Galkayo,Mobile Phones,Samsung Galaxy A05s,1,75,98,98,75,23,Premier Wallet,Muna Said
KT-2026-0012,2026-07-29,Zakariya Farah Osman,Kismayo,Accessories,Apple AirPods Pro 2,7,175,225,1575,1225,350,eDahab,Zahra Jama
KT-2026-0013,2026-07-17,Omar Elmi Shire,Hargeisa,Accessories,Samsung Galaxy Buds 2 Pro,1,110,150,150,110,40,EVC Plus,Fadumo Hussein
KT-2026-0014,2026-08-20,Suleiman Cali Hassan,Hargeisa,Laptops,MacBook Air M2 256GB,1,840,990,990,840,150,Premier Wallet,Abdirizak Noor
KT-2026-0015,2026-07-03,Ayaanle Geedi Abdi,Kismayo,Accessories,Samsung Galaxy Buds 2 Pro,6,110,150,900,660,240,EVC Plus,Mahad Ahmed
KT-2026-0016,2026-07-26,Fuad Ali Mahamud,Kismayo,Laptops,Dell Latitude 5420 i5,1,310,395,395,310,85,eDahab,Sharmaarke Ali
KT-2026-0017,2026-08-20,Naima Dualeh Elmi,Garowe,Mobile Phones,Samsung Galaxy S24 FE,1,480,580,580,480,100,Zaad,Abdirizak Noor
KT-2026-0018,2026-08-07,Anas Liban Shire,Mogadishu,Mobile Phones,Samsung Galaxy S25 Ultra,2,850,1020,2040,1700,340,Sahal,Fadumo Hussein
KT-2026-0019,2026-06-08,Saciid Barre Hussein,Hargeisa,Accessories,Apple AirPods Pro 2,8,175,225,1800,1400,400,EVC Plus,Abdirizak Noor
KT-2026-0020,2026-06-17,Ayaanle Shire Hirsi,Bosaso,Mobile Phones,Tecno Spark 20 Pro,1,120,155,155,120,35,eDahab,Zahra Jama
KT-2026-0021,2026-06-28,Suaad Said Abdullahi,Galkayo,Laptops,HP EliteBook 830 G8 Core i7,1,340,430,430,340,90,Premier Wallet,Sharmaarke Ali
KT-2026-0022,2026-07-02,Ahmed Liban Ali,Garowe,Tablets,iPad Air M2 11-inch,1,490,590,590,490,100,EVC Plus,Muna Said
KT-2026-0023,2026-08-20,Khalid Hussein Mohamed,Galkayo,Mobile Phones,iPhone 15 128GB,1,650,780,780,650,130,Sahal,Muna Said
KT-2026-0024,2026-08-02,Guled Farah Mahamud,Burao,Mobile Phones,Tecno Camon 30 Pro,1,210,260,260,210,50,Premier Wallet,Fadumo Hussein
KT-2026-0025,2026-06-13,Ayaanle Hassan Ibrahim,Baidoa,Laptops,MacBook Pro M3 512GB,1,1380,1590,1590,1380,210,Cash USD,Sharmaarke Ali
KT-2026-0026,2026-08-26,Mohamed Abdullahi Mahamud,Galkayo,Accessories,Fast Charger 65W GaN Dual Port,2,12,24,48,24,24,Zaad,Fadumo Hussein
KT-2026-0027,2026-06-25,Sahra Hassan Jama,Kismayo,Laptops,HP EliteBook 830 G8 Core i7,1,340,430,430,340,90,EVC Plus,Zahra Jama
KT-2026-0028,2026-08-10,Mohamed Dualeh Hirsi,Mogadishu,Mobile Phones,iPhone 15 128GB,2,650,780,1560,1300,260,Zaad,Fadumo Hussein
KT-2026-0029,2026-07-23,Hafsa Ahmed Abdullahi,Mogadishu,Mobile Phones,Samsung Galaxy A16 5G,1,110,145,145,110,35,Premier Wallet,Mahad Ahmed
KT-2026-0030,2026-07-29,Fartun Nuur Mahamud,Burao,Mobile Phones,Samsung Galaxy S24 FE,1,480,580,580,480,100,Zaad,Sharmaarke Ali
KT-2026-0031,2026-08-14,Mubarak Liban Mohamed,Mogadishu,Tablets,iPad Air M2 11-inch,1,490,590,590,490,100,eDahab,Fadumo Hussein
KT-2026-0032,2026-06-08,Abdirizak Jama Hussein,Hargeisa,Accessories,Anker 20000mAh Power Bank 22.5W,4,24,38,152,96,56,Premier Wallet,Sharmaarke Ali
KT-2026-0033,2026-08-12,Farhan Gedi Mohamed,Hargeisa,Laptops,MacBook Pro M3 512GB,1,1380,1590,1590,1380,210,eDahab,Abdirizak Noor
KT-2026-0034,2026-07-11,Nasteho Cali Adan,Galkayo,Mobile Phones,Tecno Camon 30 Pro,1,210,260,260,210,50,Zaad,Muna Said
KT-2026-0035,2026-08-22,Idil Liban Hussein,Mogadishu,Laptops,HP EliteBook 830 G8 Core i7,1,340,430,430,340,90,eDahab,Sharmaarke Ali
KT-2026-0036,2026-06-10,Ridwan Yusuf Farah,Galkayo,Accessories,Apple 20W USB-C Power Adapter,2,11,20,40,22,18,Zaad,Mahad Ahmed
KT-2026-0037,2026-07-07,Fuad Hirsi Adan,Kismayo,Tablets,iPad 10th Gen 64GB,3,310,380,1140,930,210,Cash USD,Abdirizak Noor
KT-2026-0038,2026-06-02,Zahra Cali Abdi,Bosaso,Mobile Phones,Tecno Spark 20 Pro,1,120,155,155,120,35,EVC Plus,Muna Said
KT-2026-0039,2026-08-10,Zakariya Said Gedi,Garowe,Accessories,Anker MagGo Wireless Power Bank,6,32,50,300,192,108,Zaad,Muna Said
KT-2026-0040,2026-08-21,Asha Shire Yusuf,Mogadishu,Mobile Phones,iPhone 15 128GB,1,650,780,780,650,130,Sahal,Sharmaarke Ali
KT-2026-0041,2026-06-01,Faiza Farah Dahir,Kismayo,Mobile Phones,Samsung Galaxy A16 5G,1,110,145,145,110,35,eDahab,Muna Said
KT-2026-0042,2026-07-25,Hassan Hussein Adan,Bosaso,Laptops,Lenovo ThinkPad T14 Gen 3,1,520,650,650,520,130,Sahal,Abdirizak Noor
KT-2026-0043,2026-08-10,Yasin Farah Mohamed,Kismayo,Mobile Phones,Infinix Note 40 Pro,2,175,220,440,350,90,EVC Plus,Mahad Ahmed
KT-2026-0044,2026-06-27,Ayaanle Abdi Ibrahim,Baidoa,Tablets,iPad 10th Gen 64GB,1,310,380,380,310,70,Zaad,Fadumo Hussein
KT-2026-0045,2026-06-23,Amina Jama Mahamud,Galkayo,Accessories,Fast Charger 65W GaN Dual Port,7,12,24,168,84,84,Cash USD,Muna Said
KT-2026-0046,2026-07-02,Muna Nuur Abdi,Baidoa,Accessories,JBL Charge 5 Bluetooth Speaker,1,115,155,155,115,40,Premier Wallet,Fadumo Hussein
KT-2026-0047,2026-06-26,Leyla Said Osman,Garowe,Mobile Phones,iPhone 16 Pro Max 256GB,1,1080,1280,1280,1080,200,Premier Wallet,Mahad Ahmed
KT-2026-0048,2026-07-06,Mukhtar Yusuf Ibrahim,Baidoa,Accessories,Anker 20000mAh Power Bank 22.5W,6,24,38,228,144,84,EVC Plus,Sharmaarke Ali
KT-2026-0049,2026-07-04,Farhan Yusuf Mohamed,Hargeisa,Tablets,iPad 10th Gen 64GB,1,310,380,380,310,70,Cash USD,Mahad Ahmed
KT-2026-0050,2026-07-26,Mahad Barre Ahmed,Kismayo,Mobile Phones,iPhone 16 Pro 128GB,1,920,1090,1090,920,170,EVC Plus,Abdirizak Noor
KT-2026-0051,2026-08-08,Sharmaarke Hassan Hussein,Galkayo,Tablets,iPad 10th Gen 64GB,1,310,380,380,310,70,EVC Plus,Muna Said
KT-2026-0052,2026-07-09,Hibaaq Hassan Liban,Baidoa,Accessories,Anker MagGo Wireless Power Bank,5,32,50,250,160,90,eDahab,Fadumo Hussein
KT-2026-0053,2026-06-25,Hibaaq Abdullahi Isse,Bosaso,Tablets,iPad 10th Gen 64GB,1,310,380,380,310,70,Premier Wallet,Abdirizak Noor
KT-2026-0054,2026-06-01,Shukri Ahmed Hassan,Galkayo,Laptops,HP EliteBook 830 G8 Core i7,1,340,430,430,340,90,Cash USD,Fadumo Hussein
KT-2026-0055,2026-08-05,Sumaya Geedi Jama,Hargeisa,Mobile Phones,Redmi Note 13 Pro 5G,1,190,240,240,190,50,Cash USD,Abdirizak Noor
KT-2026-0056,2026-07-13,Ismail Osman Isse,Kismayo,Mobile Phones,Tecno Camon 30 Pro,2,210,260,520,420,100,Zaad,Sharmaarke Ali
KT-2026-0057,2026-06-06,Liban Gedi Hussein,Burao,Laptops,MacBook Pro M3 512GB,1,1380,1590,1590,1380,210,eDahab,Fadumo Hussein
KT-2026-0058,2026-08-31,Hafsa Abdullahi Osman,Bosaso,Tablets,Samsung Galaxy Tab A9+,1,160,210,210,160,50,EVC Plus,Zahra Jama
KT-2026-0059,2026-06-29,Suleiman Nuur Elmi,Burao,Mobile Phones,iPhone 16 Pro 128GB,1,920,1090,1090,920,170,EVC Plus,Zahra Jama
KT-2026-0060,2026-06-18,Hibaaq Elmi Hirsi,Galkayo,Accessories,Samsung Galaxy Buds 2 Pro,8,110,150,1200,880,320,eDahab,Muna Said
KT-2026-0061,2026-08-04,Naima Hirsi Warsame,Bosaso,Accessories,Apple AirPods Pro 2,8,175,225,1800,1400,400,Premier Wallet,Mahad Ahmed
KT-2026-0062,2026-07-02,Faiza Elmi Shire,Garowe,Mobile Phones,Tecno Spark 20 Pro,1,120,155,155,120,35,Cash USD,Mahad Ahmed
KT-2026-0063,2026-07-01,Maryan Liban Hirsi,Hargeisa,Mobile Phones,Samsung Galaxy S24 FE,1,480,580,580,480,100,Premier Wallet,Muna Said
KT-2026-0064,2026-06-20,Ahmed Hassan Hassan,Galkayo,Laptops,Lenovo ThinkPad T14 Gen 3,1,520,650,650,520,130,EVC Plus,Fadumo Hussein
KT-2026-0065,2026-07-24,Rooda Barre Adan,Mogadishu,Accessories,JBL Charge 5 Bluetooth Speaker,7,115,155,1085,805,280,Premier Wallet,Sharmaarke Ali
KT-2026-0066,2026-07-16,Faiza Abdullahi Hassan,Garowe,Laptops,HP ProBook 450 G10,1,490,610,610,490,120,Premier Wallet,Zahra Jama
KT-2026-0067,2026-06-04,Maryan Cali Isse,Baidoa,Accessories,Apple AirPods Pro 2,3,175,225,675,525,150,Premier Wallet,Fadumo Hussein
KT-2026-0068,2026-08-19,Jibril Abdullahi Barre,Mogadishu,Mobile Phones,iPhone 15 128GB,1,650,780,780,650,130,Zaad,Zahra Jama
KT-2026-0069,2026-06-24,Zakariya Abdullahi Liban,Garowe,Laptops,HP EliteBook 830 G8 Core i7,1,340,430,430,340,90,Premier Wallet,Mahad Ahmed
KT-2026-0070,2026-07-24,Naima Hussein Shire,Mogadishu,Accessories,Apple AirPods Pro 2,1,175,225,225,175,50,Sahal,Fadumo Hussein
KT-2026-0071,2026-08-23,Mukhtar Dualeh Mohamed,Mogadishu,Mobile Phones,Tecno Camon 30 Pro,1,210,260,260,210,50,EVC Plus,Abdirizak Noor
KT-2026-0072,2026-06-20,Omar Shire Isse,Hargeisa,Tablets,iPad Air M2 11-inch,2,490,590,1180,980,200,Premier Wallet,Muna Said
KT-2026-0073,2026-07-03,Muna Gedi Gedi,Hargeisa,Accessories,Samsung Galaxy Buds 2 Pro,3,110,150,450,330,120,Sahal,Sharmaarke Ali
KT-2026-0074,2026-08-14,Jibril Said Barre,Baidoa,Laptops,MacBook Air M2 256GB,2,840,990,1980,1680,300,Zaad,Sharmaarke Ali
KT-2026-0075,2026-08-15,Hassan Nuur Said,Hargeisa,Accessories,Fast Charger 65W GaN Dual Port,1,12,24,24,12,12,Sahal,Abdirizak Noor
KT-2026-0076,2026-07-25,Khadra Elmi Dahir,Galkayo,Mobile Phones,iPhone 16 Pro Max 256GB,2,1080,1280,2560,2160,400,Premier Wallet,Sharmaarke Ali
KT-2026-0077,2026-07-26,Sundus Warsame Adan,Bosaso,Laptops,MacBook Pro M3 512GB,1,1380,1590,1590,1380,210,eDahab,Muna Said
KT-2026-0078,2026-07-05,Idil Hassan Mahamud,Kismayo,Mobile Phones,Redmi 13C 128GB,2,85,110,220,170,50,EVC Plus,Mahad Ahmed
KT-2026-0079,2026-07-28,Mukhtar Warsame Barre,Baidoa,Mobile Phones,Redmi 13C 128GB,1,85,110,110,85,25,Sahal,Fadumo Hussein
KT-2026-0080,2026-08-02,Sharmaarke Yusuf Liban,Kismayo,Accessories,Apple 20W USB-C Power Adapter,5,11,20,100,55,45,eDahab,Sharmaarke Ali
KT-2026-0081,2026-08-06,Ahmed Osman Mahamud,Baidoa,Laptops,HP ProBook 450 G10,1,490,610,610,490,120,Zaad,Muna Said
KT-2026-0082,2026-07-31,Idil Ali Hussein,Kismayo,Mobile Phones,Tecno Camon 30 Pro,1,210,260,260,210,50,Zaad,Mahad Ahmed
KT-2026-0083,2026-08-24,Hafsa Hirsi Elmi,Galkayo,Laptops,MacBook Pro M3 512GB,2,1380,1590,3180,2760,420,eDahab,Mahad Ahmed
KT-2026-0084,2026-07-16,Rahma Said Yusuf,Garowe,Mobile Phones,Samsung Galaxy S25 Ultra,1,850,1020,1020,850,170,Sahal,Sharmaarke Ali
KT-2026-0085,2026-08-08,Hamse Ahmed Mahamud,Burao,Mobile Phones,Tecno Spark 20 Pro,1,120,155,155,120,35,eDahab,Abdirizak Noor
KT-2026-0086,2026-07-07,Ismail Ahmed Said,Garowe,Mobile Phones,Infinix Note 40 Pro,1,175,220,220,175,45,EVC Plus,Muna Said
KT-2026-0087,2026-08-08,Zakariya Mohamed Mohamed,Kismayo,Accessories,Anker MagGo Wireless Power Bank,3,32,50,150,96,54,Cash USD,Zahra Jama
KT-2026-0088,2026-06-14,Farhan Said Shire,Burao,Laptops,HP EliteBook 830 G8 Core i7,1,340,430,430,340,90,EVC Plus,Mahad Ahmed
KT-2026-0089,2026-08-01,Ismail Hussein Abdullahi,Burao,Mobile Phones,iPhone 15 128GB,1,650,780,780,650,130,Cash USD,Sharmaarke Ali
KT-2026-0090,2026-06-20,Suleiman Barre Said,Hargeisa,Mobile Phones,Tecno Camon 30 Pro,1,210,260,260,210,50,Premier Wallet,Abdirizak Noor
KT-2026-0091,2026-08-16,Mukhtar Elmi Abdullahi,Burao,Laptops,HP EliteBook 830 G8 Core i7,1,340,430,430,340,90,eDahab,Zahra Jama
KT-2026-0092,2026-07-10,Anas Geedi Abdi,Garowe,Tablets,Samsung Galaxy Tab A9+,1,160,210,210,160,50,Cash USD,Sharmaarke Ali
KT-2026-0093,2026-06-21,Abdi Hirsi Hussein,Bosaso,Mobile Phones,iPhone 16 Pro Max 256GB,1,1080,1280,1280,1080,200,Cash USD,Abdirizak Noor
KT-2026-0094,2026-07-31,Farhiya Osman Said,Kismayo,Accessories,Anker MagGo Wireless Power Bank,8,32,50,400,256,144,EVC Plus,Muna Said
KT-2026-0095,2026-06-30,Sumaya Dualeh Barre,Garowe,Laptops,MacBook Pro M3 512GB,1,1380,1590,1590,1380,210,Zaad,Muna Said
KT-2026-0096,2026-06-20,Naima Farah Hussein,Mogadishu,Mobile Phones,Samsung Galaxy A16 5G,1,110,145,145,110,35,eDahab,Muna Said
KT-2026-0097,2026-08-12,Idil Abdi Warsame,Kismayo,Accessories,Anker MagGo Wireless Power Bank,7,32,50,350,224,126,Sahal,Abdirizak Noor
KT-2026-0098,2026-08-09,Idil Hussein Gedi,Mogadishu,Accessories,Apple 20W USB-C Power Adapter,7,11,20,140,77,63,Cash USD,Mahad Ahmed
KT-2026-0099,2026-08-17,Amina Hussein Osman,Mogadishu,Accessories,Samsung Galaxy Buds 2 Pro,5,110,150,750,550,200,eDahab,Sharmaarke Ali
KT-2026-0100,2026-06-23,Asha Dualeh Warsame,Kismayo,Mobile Phones,Samsung Galaxy A16 5G,3,110,145,435,330,105,Premier Wallet,Muna Said
KT-2026-0101,2026-08-02,Liban Ibrahim Hassan,Galkayo,Mobile Phones,Redmi 13C 128GB,1,85,110,110,85,25,Zaad,Mahad Ahmed
KT-2026-0102,2026-07-23,Shukri Cali Abdullahi,Mogadishu,Laptops,HP EliteBook 830 G8 Core i7,1,340,430,430,340,90,Sahal,Mahad Ahmed
KT-2026-0103,2026-06-15,Ikran Elmi Ali,Burao,Laptops,MacBook Pro M3 512GB,1,1380,1590,1590,1380,210,eDahab,Mahad Ahmed
KT-2026-0104,2026-08-19,Sundus Warsame Mohamed,Garowe,Mobile Phones,Tecno Spark 20 Pro,1,120,155,155,120,35,Sahal,Zahra Jama
KT-2026-0105,2026-08-29,Deqo Ali Dahir,Garowe,Accessories,Anker MagGo Wireless Power Bank,3,32,50,150,96,54,Sahal,Abdirizak Noor
KT-2026-0106,2026-06-02,Khadra Osman Abdi,Burao,Mobile Phones,Samsung Galaxy S25 Ultra,1,850,1020,1020,850,170,Zaad,Zahra Jama
KT-2026-0107,2026-08-31,Asha Nuur Yusuf,Baidoa,Accessories,Baseus 100W Fast Charging Cable,8,5,12,96,40,56,Premier Wallet,Fadumo Hussein
KT-2026-0108,2026-07-29,Mahad Ahmed Gedi,Bosaso,Accessories,JBL Charge 5 Bluetooth Speaker,2,115,155,310,230,80,Sahal,Zahra Jama
KT-2026-0109,2026-07-14,Naima Ali Said,Kismayo,Accessories,Baseus 100W Fast Charging Cable,8,5,12,96,40,56,Zaad,Zahra Jama
KT-2026-0110,2026-08-08,Leyla Liban Hirsi,Baidoa,Laptops,HP EliteBook 830 G8 Core i7,2,340,430,860,680,180,Zaad,Muna Said
KT-2026-0111,2026-07-01,Hodhan Hassan Mohamed,Galkayo,Accessories,Apple AirPods Pro 2,8,175,225,1800,1400,400,Cash USD,Zahra Jama
KT-2026-0112,2026-07-20,Liban Mohamed Farah,Galkayo,Accessories,JBL Charge 5 Bluetooth Speaker,2,115,155,310,230,80,Premier Wallet,Sharmaarke Ali
KT-2026-0113,2026-08-07,Amina Geedi Farah,Baidoa,Accessories,JBL Charge 5 Bluetooth Speaker,3,115,155,465,345,120,EVC Plus,Zahra Jama
KT-2026-0114,2026-07-04,Fadumo Nuur Abdullahi,Hargeisa,Accessories,JBL Charge 5 Bluetooth Speaker,6,115,155,930,690,240,Cash USD,Abdirizak Noor
KT-2026-0115,2026-07-19,Sundus Nuur Shire,Mogadishu,Tablets,iPad 10th Gen 64GB,1,310,380,380,310,70,Cash USD,Muna Said
KT-2026-0116,2026-07-07,Mubarak Hussein Hassan,Hargeisa,Accessories,Samsung Galaxy Buds 2 Pro,2,110,150,300,220,80,Premier Wallet,Fadumo Hussein
KT-2026-0117,2026-08-28,Rooda Ali Mohamed,Galkayo,Accessories,Fast Charger 65W GaN Dual Port,1,12,24,24,12,12,Sahal,Mahad Ahmed
KT-2026-0118,2026-07-18,Sahra Osman Elmi,Baidoa,Tablets,iPad Air M2 11-inch,1,490,590,590,490,100,Zaad,Fadumo Hussein
KT-2026-0119,2026-06-23,Anas Abdullahi Gedi,Garowe,Laptops,HP ProBook 450 G10,2,490,610,1220,980,240,Zaad,Fadumo Hussein
KT-2026-0120,2026-07-30,Idil Yusuf Isse,Mogadishu,Accessories,Apple 20W USB-C Power Adapter,8,11,20,160,88,72,Sahal,Muna Said
KT-2026-0121,2026-08-09,Ahmed Warsame Ibrahim,Kismayo,Tablets,Samsung Galaxy Tab A9+,3,160,210,630,480,150,Cash USD,Mahad Ahmed
KT-2026-0122,2026-07-29,Nasteho Abdullahi Shire,Hargeisa,Mobile Phones,Tecno Camon 30 Pro,1,210,260,260,210,50,Sahal,Abdirizak Noor
KT-2026-0123,2026-07-08,Amina Cali Abdullahi,Kismayo,Mobile Phones,iPhone 16 Pro Max 256GB,1,1080,1280,1280,1080,200,Cash USD,Muna Said
KT-2026-0124,2026-06-07,Naima Said Osman,Galkayo,Mobile Phones,Tecno Camon 30 Pro,1,210,260,260,210,50,eDahab,Mahad Ahmed
KT-2026-0125,2026-08-26,Kadar Abdi Dahir,Mogadishu,Mobile Phones,Redmi Note 13 Pro 5G,1,190,240,240,190,50,EVC Plus,Abdirizak Noor
KT-2026-0126,2026-07-17,Ahmed Said Liban,Baidoa,Mobile Phones,Samsung Galaxy A16 5G,1,110,145,145,110,35,eDahab,Mahad Ahmed
KT-2026-0127,2026-08-07,Naima Jama Yusuf,Burao,Accessories,Fast Charger 65W GaN Dual Port,5,12,24,120,60,60,Cash USD,Mahad Ahmed
KT-2026-0128,2026-06-15,Khadra Farah Osman,Baidoa,Accessories,JBL Charge 5 Bluetooth Speaker,6,115,155,930,690,240,EVC Plus,Zahra Jama
KT-2026-0129,2026-06-02,Sagal Abdi Warsame,Galkayo,Accessories,Anker 20000mAh Power Bank 22.5W,5,24,38,190,120,70,eDahab,Zahra Jama
KT-2026-0130,2026-08-21,Deqo Cali Osman,Burao,Mobile Phones,iPhone 16 Pro Max 256GB,1,1080,1280,1280,1080,200,eDahab,Mahad Ahmed
KT-2026-0131,2026-08-18,Kadar Hussein Dahir,Burao,Accessories,Anker MagGo Wireless Power Bank,5,32,50,250,160,90,Cash USD,Zahra Jama
KT-2026-0132,2026-06-15,Mohamed Mohamed Said,Burao,Mobile Phones,Samsung Galaxy S25 Ultra,1,850,1020,1020,850,170,eDahab,Fadumo Hussein
KT-2026-0133,2026-07-20,Leyla Cali Mahamud,Baidoa,Tablets,iPad Air M2 11-inch,1,490,590,590,490,100,Zaad,Zahra Jama
KT-2026-0134,2026-08-23,Ismail Shire Gedi,Baidoa,Mobile Phones,Tecno Spark 20 Pro,1,120,155,155,120,35,Sahal,Fadumo Hussein
KT-2026-0135,2026-07-27,Hodhan Ibrahim Abdi,Galkayo,Laptops,Lenovo ThinkPad T14 Gen 3,2,520,650,1300,1040,260,Cash USD,Mahad Ahmed
KT-2026-0136,2026-06-08,Rahma Ahmed Abdi,Burao,Mobile Phones,iPhone 15 128GB,1,650,780,780,650,130,Cash USD,Muna Said
KT-2026-0137,2026-08-16,Mohamed Liban Osman,Bosaso,Accessories,Fast Charger 65W GaN Dual Port,4,12,24,96,48,48,EVC Plus,Abdirizak Noor
KT-2026-0138,2026-06-27,Ismail Osman Liban,Bosaso,Accessories,Fast Charger 65W GaN Dual Port,1,12,24,24,12,12,Sahal,Fadumo Hussein
KT-2026-0139,2026-06-17,Sumaya Jama Abdi,Mogadishu,Mobile Phones,Samsung Galaxy S24 FE,1,480,580,580,480,100,Zaad,Abdirizak Noor
KT-2026-0140,2026-07-12,Abdi Yusuf Mohamed,Bosaso,Accessories,Apple AirPods Pro 2,7,175,225,1575,1225,350,eDahab,Sharmaarke Ali
KT-2026-0141,2026-06-09,Idil Ibrahim Elmi,Hargeisa,Laptops,HP EliteBook 830 G8 Core i7,1,340,430,430,340,90,eDahab,Sharmaarke Ali
KT-2026-0142,2026-08-24,Idil Dualeh Ali,Mogadishu,Laptops,HP ProBook 450 G10,1,490,610,610,490,120,Premier Wallet,Muna Said
KT-2026-0143,2026-06-14,Nimo Warsame Hussein,Hargeisa,Mobile Phones,Redmi 13C 128GB,1,85,110,110,85,25,EVC Plus,Fadumo Hussein
KT-2026-0144,2026-07-06,Zamzam Gedi Elmi,Kismayo,Laptops,HP EliteBook 830 G8 Core i7,1,340,430,430,340,90,Premier Wallet,Sharmaarke Ali
KT-2026-0145,2026-08-29,Abdirizak Dualeh Dahir,Garowe,Laptops,MacBook Pro M3 512GB,1,1380,1590,1590,1380,210,Zaad,Zahra Jama
KT-2026-0146,2026-07-14,Zamzam Hassan Mahamud,Hargeisa,Mobile Phones,Redmi 13C 128GB,1,85,110,110,85,25,Cash USD,Mahad Ahmed
KT-2026-0147,2026-07-18,Ayaanle Shire Hussein,Hargeisa,Accessories,Baseus 100W Fast Charging Cable,2,5,12,24,10,14,EVC Plus,Zahra Jama
KT-2026-0148,2026-06-13,Sumaya Farah Hirsi,Mogadishu,Tablets,iPad Air M2 11-inch,3,490,590,1770,1470,300,eDahab,Mahad Ahmed
KT-2026-0149,2026-08-25,Yasin Ibrahim Isse,Baidoa,Accessories,JBL Charge 5 Bluetooth Speaker,1,115,155,155,115,40,Sahal,Abdirizak Noor
KT-2026-0150,2026-07-10,Deqo Barre Elmi,Garowe,Mobile Phones,Samsung Galaxy S24 FE,1,480,580,580,480,100,Zaad,Sharmaarke Ali
KT-2026-0151,2026-07-15,Deqo Yusuf Barre,Garowe,Accessories,Fast Charger 65W GaN Dual Port,7,12,24,168,84,84,eDahab,Abdirizak Noor
KT-2026-0152,2026-08-18,Anas Cali Adan,Kismayo,Mobile Phones,iPhone 16 Pro Max 256GB,1,1080,1280,1280,1080,200,Cash USD,Mahad Ahmed
KT-2026-0153,2026-07-14,Amina Jama Farah,Baidoa,Mobile Phones,iPhone 15 128GB,1,650,780,780,650,130,Cash USD,Sharmaarke Ali
KT-2026-0154,2026-06-12,Mahad Hassan Warsame,Galkayo,Mobile Phones,Samsung Galaxy A16 5G,1,110,145,145,110,35,Cash USD,Mahad Ahmed
KT-2026-0155,2026-08-12,Saciid Mohamed Farah,Bosaso,Accessories,Samsung Galaxy Buds 2 Pro,1,110,150,150,110,40,Cash USD,Sharmaarke Ali
KT-2026-0156,2026-07-05,Hibaaq Hassan Shire,Burao,Laptops,MacBook Pro M3 512GB,1,1380,1590,1590,1380,210,eDahab,Sharmaarke Ali
KT-2026-0157,2026-07-15,Deqo Said Isse,Burao,Laptops,Dell Latitude 5420 i5,1,310,395,395,310,85,EVC Plus,Fadumo Hussein
KT-2026-0158,2026-07-21,Abdirahman Ahmed Said,Garowe,Accessories,Samsung Galaxy Buds 2 Pro,3,110,150,450,330,120,Sahal,Mahad Ahmed
KT-2026-0159,2026-07-12,Abdirahman Shire Mahamud,Baidoa,Mobile Phones,Samsung Galaxy A16 5G,1,110,145,145,110,35,eDahab,Muna Said
KT-2026-0160,2026-06-30,Khadra Abdullahi Mahamud,Mogadishu,Laptops,MacBook Pro M3 512GB,1,1380,1590,1590,1380,210,EVC Plus,Mahad Ahmed
KT-2026-0161,2026-08-13,Kiin Abdullahi Adan,Baidoa,Mobile Phones,Redmi Note 13 Pro 5G,1,190,240,240,190,50,EVC Plus,Mahad Ahmed
KT-2026-0162,2026-06-22,Naima Nuur Ibrahim,Hargeisa,Laptops,MacBook Pro M3 512GB,1,1380,1590,1590,1380,210,Zaad,Zahra Jama
KT-2026-0163,2026-08-15,Asha Hussein Abdullahi,Kismayo,Accessories,Apple AirPods Pro 2,6,175,225,1350,1050,300,Zaad,Mahad Ahmed
KT-2026-0164,2026-06-22,Ridwan Dualeh Abdi,Garowe,Accessories,Apple 20W USB-C Power Adapter,6,11,20,120,66,54,Sahal,Muna Said
KT-2026-0165,2026-08-22,Khalid Abdi Farah,Kismayo,Mobile Phones,Samsung Galaxy A05s,1,75,98,98,75,23,Zaad,Muna Said
KT-2026-0166,2026-06-10,Mukhtar Dualeh Shire,Burao,Accessories,Samsung Galaxy Buds 2 Pro,8,110,150,1200,880,320,Cash USD,Abdirizak Noor
KT-2026-0167,2026-08-22,Ikran Dualeh Liban,Bosaso,Laptops,HP EliteBook 830 G8 Core i7,1,340,430,430,340,90,Premier Wallet,Muna Said
KT-2026-0168,2026-07-09,Kiin Mohamed Ibrahim,Hargeisa,Mobile Phones,Redmi Note 13 Pro 5G,1,190,240,240,190,50,EVC Plus,Sharmaarke Ali
KT-2026-0169,2026-07-18,Khadra Dualeh Hussein,Baidoa,Laptops,HP EliteBook 830 G8 Core i7,1,340,430,430,340,90,Cash USD,Sharmaarke Ali
KT-2026-0170,2026-07-28,Mustafe Gedi Shire,Bosaso,Mobile Phones,iPhone 16 Pro 128GB,1,920,1090,1090,920,170,Sahal,Muna Said
KT-2026-0171,2026-06-11,Mohamed Osman Adan,Burao,Laptops,HP EliteBook 830 G8 Core i7,1,340,430,430,340,90,eDahab,Fadumo Hussein
KT-2026-0172,2026-07-17,Zahra Said Abdullahi,Baidoa,Accessories,Samsung Galaxy Buds 2 Pro,6,110,150,900,660,240,Cash USD,Abdirizak Noor
KT-2026-0173,2026-06-07,Khadra Liban Abdi,Baidoa,Mobile Phones,Redmi Note 13 Pro 5G,1,190,240,240,190,50,Cash USD,Abdirizak Noor
KT-2026-0174,2026-06-20,Khadra Barre Isse,Bosaso,Mobile Phones,Infinix Note 40 Pro,1,175,220,220,175,45,Cash USD,Muna Said
KT-2026-0175,2026-08-24,Sahra Gedi Adan,Hargeisa,Mobile Phones,Redmi Note 13 Pro 5G,1,190,240,240,190,50,Cash USD,Mahad Ahmed
KT-2026-0176,2026-06-17,Kadar Cali Hassan,Galkayo,Mobile Phones,iPhone 16 Pro Max 256GB,1,1080,1280,1280,1080,200,Zaad,Fadumo Hussein
KT-2026-0177,2026-07-14,Nasteho Osman Farah,Bosaso,Mobile Phones,iPhone 15 128GB,1,650,780,780,650,130,EVC Plus,Abdirizak Noor
KT-2026-0178,2026-08-09,Ayaanle Liban Gedi,Bosaso,Tablets,iPad 10th Gen 64GB,1,310,380,380,310,70,Zaad,Fadumo Hussein
KT-2026-0179,2026-08-28,Mubarak Warsame Mohamed,Baidoa,Mobile Phones,Infinix Note 40 Pro,1,175,220,220,175,45,Zaad,Zahra Jama
KT-2026-0180,2026-08-18,Faiza Geedi Warsame,Garowe,Laptops,Lenovo ThinkPad T14 Gen 3,1,520,650,650,520,130,Premier Wallet,Fadumo Hussein
KT-2026-0181,2026-07-18,Idil Said Abdullahi,Baidoa,Mobile Phones,Samsung Galaxy A16 5G,2,110,145,290,220,70,eDahab,Fadumo Hussein
KT-2026-0182,2026-07-03,Kadar Shire Ibrahim,Hargeisa,Accessories,Anker MagGo Wireless Power Bank,2,32,50,100,64,36,Sahal,Sharmaarke Ali
KT-2026-0183,2026-06-21,Idil Elmi Farah,Baidoa,Mobile Phones,iPhone 15 128GB,2,650,780,1560,1300,260,Zaad,Zahra Jama
KT-2026-0184,2026-07-15,Yasin Mohamed Abdullahi,Galkayo,Mobile Phones,Tecno Camon 30 Pro,1,210,260,260,210,50,EVC Plus,Mahad Ahmed
KT-2026-0185,2026-06-29,Mustafe Abdi Adan,Galkayo,Accessories,Fast Charger 65W GaN Dual Port,3,12,24,72,36,36,Zaad,Sharmaarke Ali
KT-2026-0186,2026-07-07,Nimo Farah Adan,Burao,Laptops,HP EliteBook 830 G8 Core i7,1,340,430,430,340,90,EVC Plus,Sharmaarke Ali
KT-2026-0187,2026-07-03,Ismail Farah Hirsi,Baidoa,Mobile Phones,Samsung Galaxy S25 Ultra,1,850,1020,1020,850,170,Zaad,Mahad Ahmed
KT-2026-0188,2026-06-16,Khalid Hassan Dahir,Burao,Mobile Phones,iPhone 15 128GB,1,650,780,780,650,130,Premier Wallet,Abdirizak Noor
KT-2026-0189,2026-08-08,Kadar Elmi Barre,Garowe,Accessories,Anker MagGo Wireless Power Bank,3,32,50,150,96,54,Sahal,Zahra Jama
KT-2026-0190,2026-06-01,Hodhan Barre Hassan,Bosaso,Accessories,Anker 20000mAh Power Bank 22.5W,2,24,38,76,48,28,eDahab,Mahad Ahmed
KT-2026-0191,2026-06-09,Mahad Shire Mohamed,Baidoa,Mobile Phones,Infinix Note 40 Pro,1,175,220,220,175,45,EVC Plus,Mahad Ahmed
KT-2026-0192,2026-06-09,Hodhan Geedi Isse,Hargeisa,Accessories,Samsung Galaxy Buds 2 Pro,6,110,150,900,660,240,Zaad,Sharmaarke Ali
KT-2026-0193,2026-07-16,Naima Dualeh Jama,Burao,Accessories,Anker MagGo Wireless Power Bank,8,32,50,400,256,144,Cash USD,Fadumo Hussein
KT-2026-0194,2026-06-18,Suaad Warsame Mohamed,Kismayo,Mobile Phones,Samsung Galaxy A05s,1,75,98,98,75,23,Zaad,Sharmaarke Ali
KT-2026-0195,2026-07-11,Asha Abdullahi Hirsi,Burao,Mobile Phones,Tecno Spark 20 Pro,1,120,155,155,120,35,Cash USD,Fadumo Hussein
KT-2026-0196,2026-07-07,Ikran Mohamed Dahir,Galkayo,Mobile Phones,Tecno Spark 20 Pro,1,120,155,155,120,35,Sahal,Zahra Jama
KT-2026-0197,2026-07-22,Rooda Abdullahi Liban,Bosaso,Laptops,HP ProBook 450 G10,1,490,610,610,490,120,Sahal,Abdirizak Noor
KT-2026-0198,2026-07-05,Mubarak Hassan Hussein,Baidoa,Tablets,iPad 10th Gen 64GB,3,310,380,1140,930,210,Zaad,Abdirizak Noor
KT-2026-0199,2026-07-08,Deqo Hussein Liban,Kismayo,Mobile Phones,Redmi Note 13 Pro 5G,1,190,240,240,190,50,Cash USD,Zahra Jama
KT-2026-0200,2026-06-22,Leyla Warsame Mohamed,Galkayo,Tablets,iPad 10th Gen 64GB,3,310,380,1140,930,210,Sahal,Muna Said
KT-2026-0201,2026-06-08,Ayaanle Dualeh Abdullahi,Galkayo,Laptops,Dell Latitude 5420 i5,1,310,395,395,310,85,Cash USD,Fadumo Hussein
KT-2026-0202,2026-06-04,Abdirizak Gedi Isse,Burao,Mobile Phones,iPhone 16 Pro 128GB,1,920,1090,1090,920,170,Zaad,Muna Said
KT-2026-0203,2026-07-17,Zamzam Barre Mohamed,Bosaso,Accessories,Anker 20000mAh Power Bank 22.5W,8,24,38,304,192,112,Sahal,Mahad Ahmed
KT-2026-0204,2026-07-27,Farhan Farah Elmi,Galkayo,Laptops,MacBook Air M2 256GB,1,840,990,990,840,150,Sahal,Fadumo Hussein
KT-2026-0205,2026-06-15,Mubarak Jama Shire,Baidoa,Laptops,Lenovo ThinkPad T14 Gen 3,1,520,650,650,520,130,Sahal,Muna Said
KT-2026-0206,2026-07-28,Anas Said Adan,Burao,Mobile Phones,Samsung Galaxy A05s,1,75,98,98,75,23,EVC Plus,Zahra Jama
KT-2026-0207,2026-06-23,Khadra Cali Liban,Galkayo,Accessories,Anker MagGo Wireless Power Bank,2,32,50,100,64,36,eDahab,Abdirizak Noor
KT-2026-0208,2026-07-08,Ikran Jama Adan,Bosaso,Accessories,Fast Charger 65W GaN Dual Port,6,12,24,144,72,72,eDahab,Fadumo Hussein
KT-2026-0209,2026-06-16,Suleiman Farah Osman,Burao,Mobile Phones,iPhone 16 Pro Max 256GB,1,1080,1280,1280,1080,200,eDahab,Mahad Ahmed
KT-2026-0210,2026-07-30,Anas Hussein Hussein,Kismayo,Laptops,MacBook Air M2 256GB,2,840,990,1980,1680,300,Cash USD,Zahra Jama
KT-2026-0211,2026-08-07,Faiza Hassan Barre,Hargeisa,Mobile Phones,Samsung Galaxy S24 FE,3,480,580,1740,1440,300,Cash USD,Sharmaarke Ali
KT-2026-0212,2026-07-28,Hibaaq Elmi Ibrahim,Bosaso,Accessories,Apple 20W USB-C Power Adapter,3,11,20,60,33,27,Zaad,Zahra Jama
KT-2026-0213,2026-08-04,Ismail Abdi Elmi,Bosaso,Mobile Phones,Redmi Note 13 Pro 5G,1,190,240,240,190,50,Sahal,Muna Said
KT-2026-0214,2026-06-29,Asha Said Hussein,Kismayo,Mobile Phones,Samsung Galaxy A05s,1,75,98,98,75,23,eDahab,Mahad Ahmed
KT-2026-0215,2026-06-17,Fadumo Hirsi Hussein,Bosaso,Tablets,iPad Air M2 11-inch,2,490,590,1180,980,200,Zaad,Fadumo Hussein
KT-2026-0216,2026-08-24,Naima Barre Mohamed,Mogadishu,Mobile Phones,iPhone 15 128GB,1,650,780,780,650,130,Cash USD,Abdirizak Noor
KT-2026-0217,2026-07-04,Mukhtar Barre Hassan,Mogadishu,Laptops,HP ProBook 450 G10,1,490,610,610,490,120,eDahab,Mahad Ahmed
KT-2026-0218,2026-08-22,Hafsa Osman Isse,Baidoa,Mobile Phones,Redmi Note 13 Pro 5G,1,190,240,240,190,50,Cash USD,Sharmaarke Ali
KT-2026-0219,2026-06-21,Fartun Shire Warsame,Garowe,Mobile Phones,Redmi 13C 128GB,1,85,110,110,85,25,Sahal,Muna Said
KT-2026-0220,2026-07-11,Zamzam Farah Ibrahim,Hargeisa,Mobile Phones,Redmi 13C 128GB,1,85,110,110,85,25,EVC Plus,Mahad Ahmed
KT-2026-0221,2026-07-28,Omar Abdi Mohamed,Kismayo,Laptops,MacBook Air M2 256GB,1,840,990,990,840,150,Premier Wallet,Fadumo Hussein
KT-2026-0222,2026-06-21,Zahra Barre Mahamud,Galkayo,Mobile Phones,Samsung Galaxy A05s,1,75,98,98,75,23,Premier Wallet,Abdirizak Noor
KT-2026-0223,2026-07-30,Rooda Said Shire,Mogadishu,Mobile Phones,iPhone 15 128GB,2,650,780,1560,1300,260,eDahab,Zahra Jama
KT-2026-0224,2026-07-01,Farhan Ibrahim Mohamed,Mogadishu,Mobile Phones,Redmi Note 13 Pro 5G,1,190,240,240,190,50,Cash USD,Muna Said
KT-2026-0225,2026-07-31,Sagal Ali Abdi,Baidoa,Mobile Phones,Samsung Galaxy S24 FE,2,480,580,1160,960,200,Cash USD,Mahad Ahmed
KT-2026-0226,2026-07-22,Farhiya Abdullahi Mohamed,Garowe,Mobile Phones,Infinix Note 40 Pro,1,175,220,220,175,45,EVC Plus,Zahra Jama
KT-2026-0227,2026-08-04,Faiza Hirsi Yusuf,Hargeisa,Mobile Phones,Samsung Galaxy S24 FE,3,480,580,1740,1440,300,Premier Wallet,Mahad Ahmed
KT-2026-0228,2026-07-14,Faiza Farah Ahmed,Baidoa,Laptops,Dell Latitude 5420 i5,1,310,395,395,310,85,EVC Plus,Fadumo Hussein
KT-2026-0229,2026-08-31,Sumaya Shire Elmi,Burao,Mobile Phones,Samsung Galaxy S24 FE,1,480,580,580,480,100,eDahab,Fadumo Hussein
KT-2026-0230,2026-07-12,Muna Abdullahi Gedi,Kismayo,Tablets,iPad Air M2 11-inch,1,490,590,590,490,100,eDahab,Abdirizak Noor
KT-2026-0231,2026-08-02,Hafsa Ali Ibrahim,Galkayo,Accessories,Anker 20000mAh Power Bank 22.5W,2,24,38,76,48,28,Premier Wallet,Abdirizak Noor
KT-2026-0232,2026-07-10,Anas Shire Yusuf,Garowe,Accessories,Apple AirPods Pro 2,1,175,225,225,175,50,eDahab,Zahra Jama
KT-2026-0233,2026-06-22,Sahra Cali Osman,Mogadishu,Tablets,iPad Air M2 11-inch,2,490,590,1180,980,200,EVC Plus,Fadumo Hussein
KT-2026-0234,2026-06-03,Maryan Hassan Farah,Baidoa,Accessories,Anker MagGo Wireless Power Bank,4,32,50,200,128,72,Premier Wallet,Abdirizak Noor
KT-2026-0235,2026-08-18,Ikran Geedi Mahamud,Mogadishu,Accessories,Anker MagGo Wireless Power Bank,3,32,50,150,96,54,eDahab,Fadumo Hussein
KT-2026-0236,2026-08-11,Hibaaq Shire Elmi,Baidoa,Mobile Phones,Redmi 13C 128GB,3,85,110,330,255,75,Premier Wallet,Abdirizak Noor
KT-2026-0237,2026-07-14,Hibaaq Geedi Isse,Kismayo,Tablets,iPad 10th Gen 64GB,1,310,380,380,310,70,Zaad,Mahad Ahmed
KT-2026-0238,2026-08-11,Hodhan Said Said,Garowe,Accessories,Anker MagGo Wireless Power Bank,8,32,50,400,256,144,Sahal,Zahra Jama
KT-2026-0239,2026-07-15,Shukri Abdi Barre,Baidoa,Accessories,Apple 20W USB-C Power Adapter,7,11,20,140,77,63,Sahal,Fadumo Hussein
KT-2026-0240,2026-07-08,Bilal Nuur Hussein,Galkayo,Laptops,HP EliteBook 830 G8 Core i7,1,340,430,430,340,90,Cash USD,Zahra Jama
KT-2026-0241,2026-06-28,Ismail Hirsi Yusuf,Kismayo,Mobile Phones,Samsung Galaxy S24 FE,1,480,580,580,480,100,Cash USD,Abdirizak Noor
KT-2026-0242,2026-07-01,Mohamed Cali Elmi,Garowe,Tablets,Samsung Galaxy Tab A9+,1,160,210,210,160,50,EVC Plus,Zahra Jama
KT-2026-0243,2026-07-13,Deqo Cali Farah,Mogadishu,Laptops,Lenovo ThinkPad T14 Gen 3,2,520,650,1300,1040,260,Zaad,Zahra Jama
KT-2026-0244,2026-08-23,Hafsa Dualeh Ahmed,Kismayo,Mobile Phones,Redmi 13C 128GB,1,85,110,110,85,25,EVC Plus,Sharmaarke Ali
KT-2026-0245,2026-08-23,Guled Geedi Mahamud,Mogadishu,Mobile Phones,Samsung Galaxy A16 5G,1,110,145,145,110,35,Zaad,Sharmaarke Ali
KT-2026-0246,2026-07-21,Muna Geedi Said,Mogadishu,Mobile Phones,iPhone 16 Pro Max 256GB,1,1080,1280,1280,1080,200,eDahab,Sharmaarke Ali
KT-2026-0247,2026-07-13,Idil Dualeh Hirsi,Burao,Accessories,Apple 20W USB-C Power Adapter,3,11,20,60,33,27,eDahab,Zahra Jama
KT-2026-0248,2026-07-05,Suleiman Abdi Liban,Bosaso,Accessories,Apple AirPods Pro 2,8,175,225,1800,1400,400,Cash USD,Mahad Ahmed
KT-2026-0249,2026-08-31,Abdirahman Geedi Liban,Kismayo,Tablets,iPad Air M2 11-inch,1,490,590,590,490,100,Zaad,Fadumo Hussein
KT-2026-0250,2026-08-18,Naima Hassan Elmi,Galkayo,Mobile Phones,iPhone 15 128GB,1,650,780,780,650,130,EVC Plus,Fadumo Hussein
KT-2026-0251,2026-06-18,Maryan Osman Ali,Kismayo,Laptops,MacBook Air M2 256GB,1,840,990,990,840,150,Sahal,Mahad Ahmed
KT-2026-0252,2026-07-09,Zakariya Dualeh Ibrahim,Garowe,Mobile Phones,iPhone 16 Pro 128GB,1,920,1090,1090,920,170,Premier Wallet,Mahad Ahmed
KT-2026-0253,2026-06-21,Hibaaq Elmi Adan,Kismayo,Accessories,Anker MagGo Wireless Power Bank,2,32,50,100,64,36,Cash USD,Mahad Ahmed
KT-2026-0254,2026-07-18,Khalid Farah Shire,Bosaso,Laptops,HP EliteBook 830 G8 Core i7,1,340,430,430,340,90,eDahab,Mahad Ahmed
KT-2026-0255,2026-07-24,Faiza Hirsi Isse,Garowe,Accessories,Samsung Galaxy Buds 2 Pro,4,110,150,600,440,160,Cash USD,Abdirizak Noor
KT-2026-0256,2026-06-11,Asha Nuur Ibrahim,Hargeisa,Tablets,iPad Air M2 11-inch,1,490,590,590,490,100,eDahab,Abdirizak Noor
KT-2026-0257,2026-06-26,Abdi Liban Elmi,Burao,Mobile Phones,Samsung Galaxy S25 Ultra,1,850,1020,1020,850,170,Cash USD,Abdirizak Noor
KT-2026-0258,2026-08-02,Saciid Elmi Warsame,Mogadishu,Laptops,HP EliteBook 830 G8 Core i7,1,340,430,430,340,90,Premier Wallet,Zahra Jama
KT-2026-0259,2026-08-12,Guled Warsame Isse,Kismayo,Accessories,Apple AirPods Pro 2,1,175,225,225,175,50,Premier Wallet,Mahad Ahmed
KT-2026-0260,2026-06-01,Farhan Hussein Mohamed,Baidoa,Mobile Phones,Infinix Note 40 Pro,1,175,220,220,175,45,eDahab,Sharmaarke Ali
KT-2026-0261,2026-06-09,Farhiya Said Hassan,Bosaso,Accessories,Samsung Galaxy Buds 2 Pro,3,110,150,450,330,120,Cash USD,Muna Said
KT-2026-0262,2026-08-22,Leyla Abdullahi Warsame,Baidoa,Laptops,MacBook Air M2 256GB,1,840,990,990,840,150,Cash USD,Abdirizak Noor
KT-2026-0263,2026-06-18,Deqo Jama Hirsi,Baidoa,Laptops,Dell Latitude 5420 i5,1,310,395,395,310,85,Zaad,Sharmaarke Ali
KT-2026-0264,2026-06-03,Idil Cali Mahamud,Baidoa,Laptops,Lenovo ThinkPad T14 Gen 3,1,520,650,650,520,130,Zaad,Fadumo Hussein
KT-2026-0265,2026-07-29,Sahra Yusuf Ahmed,Hargeisa,Mobile Phones,iPhone 16 Pro 128GB,2,920,1090,2180,1840,340,Premier Wallet,Abdirizak Noor
KT-2026-0266,2026-06-03,Hamse Hussein Abdi,Mogadishu,Laptops,HP EliteBook 830 G8 Core i7,1,340,430,430,340,90,Cash USD,Sharmaarke Ali
KT-2026-0267,2026-07-02,Mahad Warsame Osman,Garowe,Accessories,Samsung Galaxy Buds 2 Pro,1,110,150,150,110,40,Zaad,Abdirizak Noor
KT-2026-0268,2026-07-08,Ismail Geedi Barre,Galkayo,Tablets,iPad Air M2 11-inch,1,490,590,590,490,100,Cash USD,Mahad Ahmed
KT-2026-0269,2026-07-01,Rooda Farah Isse,Garowe,Laptops,MacBook Pro M3 512GB,1,1380,1590,1590,1380,210,EVC Plus,Abdirizak Noor
KT-2026-0270,2026-08-15,Kadar Cali Hassan,Burao,Mobile Phones,iPhone 16 Pro 128GB,3,920,1090,3270,2760,510,Cash USD,Muna Said
KT-2026-0271,2026-07-19,Nimo Hassan Hassan,Bosaso,Mobile Phones,Redmi Note 13 Pro 5G,1,190,240,240,190,50,eDahab,Zahra Jama
KT-2026-0272,2026-07-01,Bilal Nuur Farah,Burao,Mobile Phones,iPhone 16 Pro 128GB,1,920,1090,1090,920,170,Premier Wallet,Abdirizak Noor
KT-2026-0273,2026-08-07,Mahad Osman Yusuf,Garowe,Mobile Phones,Redmi 13C 128GB,1,85,110,110,85,25,Premier Wallet,Mahad Ahmed
KT-2026-0274,2026-06-12,Mohamed Yusuf Abdullahi,Mogadishu,Accessories,JBL Charge 5 Bluetooth Speaker,2,115,155,310,230,80,Zaad,Abdirizak Noor
KT-2026-0275,2026-08-25,Liban Ahmed Liban,Kismayo,Mobile Phones,iPhone 16 Pro Max 256GB,1,1080,1280,1280,1080,200,Zaad,Muna Said
KT-2026-0276,2026-06-16,Zahra Osman Adan,Garowe,Laptops,MacBook Air M2 256GB,2,840,990,1980,1680,300,eDahab,Mahad Ahmed
KT-2026-0277,2026-07-07,Idil Hirsi Dahir,Galkayo,Mobile Phones,Redmi Note 13 Pro 5G,1,190,240,240,190,50,eDahab,Zahra Jama
KT-2026-0278,2026-07-30,Suleiman Geedi Shire,Galkayo,Mobile Phones,Samsung Galaxy A05s,1,75,98,98,75,23,Premier Wallet,Sharmaarke Ali
KT-2026-0279,2026-08-12,Mubarak Farah Ali,Kismayo,Laptops,Lenovo ThinkPad T14 Gen 3,2,520,650,1300,1040,260,eDahab,Muna Said
KT-2026-0280,2026-07-24,Sahra Ahmed Liban,Garowe,Laptops,MacBook Air M2 256GB,1,840,990,990,840,150,Zaad,Zahra Jama
KT-2026-0281,2026-08-10,Rahma Shire Mahamud,Burao,Laptops,HP EliteBook 830 G8 Core i7,1,340,430,430,340,90,Sahal,Fadumo Hussein
KT-2026-0282,2026-06-18,Muna Hirsi Dahir,Mogadishu,Laptops,Dell Latitude 5420 i5,1,310,395,395,310,85,EVC Plus,Muna Said
KT-2026-0283,2026-06-07,Yasin Farah Dahir,Garowe,Mobile Phones,iPhone 15 128GB,1,650,780,780,650,130,EVC Plus,Fadumo Hussein
KT-2026-0284,2026-08-04,Leyla Mohamed Gedi,Burao,Accessories,Anker 20000mAh Power Bank 22.5W,8,24,38,304,192,112,EVC Plus,Sharmaarke Ali
KT-2026-0285,2026-08-08,Amina Ali Elmi,Kismayo,Laptops,Lenovo ThinkPad T14 Gen 3,2,520,650,1300,1040,260,EVC Plus,Abdirizak Noor
KT-2026-0286,2026-08-29,Sumaya Jama Abdi,Hargeisa,Laptops,Dell Latitude 5420 i5,1,310,395,395,310,85,Zaad,Abdirizak Noor
KT-2026-0287,2026-08-07,Naima Ibrahim Yusuf,Baidoa,Mobile Phones,iPhone 15 128GB,1,650,780,780,650,130,Premier Wallet,Zahra Jama
KT-2026-0288,2026-08-12,Suaad Osman Said,Hargeisa,Tablets,Samsung Galaxy Tab A9+,3,160,210,630,480,150,Cash USD,Sharmaarke Ali
KT-2026-0289,2026-06-12,Zamzam Abdullahi Hirsi,Burao,Mobile Phones,iPhone 16 Pro 128GB,1,920,1090,1090,920,170,Cash USD,Fadumo Hussein
KT-2026-0290,2026-06-11,Ikran Hassan Dahir,Galkayo,Tablets,iPad Air M2 11-inch,3,490,590,1770,1470,300,EVC Plus,Abdirizak Noor
KT-2026-0291,2026-06-06,Hamse Nuur Barre,Burao,Mobile Phones,Tecno Spark 20 Pro,1,120,155,155,120,35,EVC Plus,Muna Said
KT-2026-0292,2026-07-06,Abdi Liban Ali,Garowe,Tablets,iPad Air M2 11-inch,1,490,590,590,490,100,Cash USD,Zahra Jama
KT-2026-0293,2026-06-10,Muna Barre Osman,Baidoa,Accessories,Anker 20000mAh Power Bank 22.5W,6,24,38,228,144,84,Premier Wallet,Muna Said
KT-2026-0294,2026-06-18,Ridwan Geedi Ibrahim,Mogadishu,Mobile Phones,Samsung Galaxy S25 Ultra,1,850,1020,1020,850,170,EVC Plus,Mahad Ahmed
KT-2026-0295,2026-08-17,Faiza Liban Ali,Kismayo,Accessories,Fast Charger 65W GaN Dual Port,8,12,24,192,96,96,Premier Wallet,Fadumo Hussein
KT-2026-0296,2026-07-16,Fartun Jama Isse,Baidoa,Mobile Phones,iPhone 15 128GB,1,650,780,780,650,130,Sahal,Fadumo Hussein
KT-2026-0297,2026-08-31,Ahmed Yusuf Farah,Baidoa,Accessories,Anker MagGo Wireless Power Bank,3,32,50,150,96,54,Cash USD,Zahra Jama
KT-2026-0298,2026-07-11,Deqo Hussein Ali,Kismayo,Laptops,HP EliteBook 830 G8 Core i7,1,340,430,430,340,90,Sahal,Sharmaarke Ali
KT-2026-0299,2026-06-17,Abdi Hassan Warsame,Baidoa,Mobile Phones,Samsung Galaxy S25 Ultra,1,850,1020,1020,850,170,Sahal,Abdirizak Noor
KT-2026-0300,2026-06-12,Ikran Abdullahi Ali,Kismayo,Laptops,MacBook Pro M3 512GB,1,1380,1590,1590,1380,210,EVC Plus,Muna Said
KT-2026-0301,2026-08-11,Farhan Elmi Jama,Baidoa,Mobile Phones,Samsung Galaxy A16 5G,1,110,145,145,110,35,Sahal,Mahad Ahmed
KT-2026-0302,2026-08-03,Ahmed Jama Hassan,Kismayo,Laptops,MacBook Pro M3 512GB,1,1380,1590,1590,1380,210,EVC Plus,Mahad Ahmed
KT-2026-0303,2026-07-03,Mubarak Dualeh Shire,Garowe,Laptops,HP EliteBook 830 G8 Core i7,1,340,430,430,340,90,Sahal,Sharmaarke Ali
KT-2026-0304,2026-07-21,Naima Gedi Abdullahi,Galkayo,Laptops,HP EliteBook 830 G8 Core i7,1,340,430,430,340,90,Cash USD,Abdirizak Noor
KT-2026-0305,2026-06-18,Maryan Gedi Adan,Garowe,Laptops,HP ProBook 450 G10,1,490,610,610,490,120,Premier Wallet,Mahad Ahmed
KT-2026-0306,2026-07-08,Kiin Osman Liban,Baidoa,Mobile Phones,Tecno Spark 20 Pro,2,120,155,310,240,70,Premier Wallet,Mahad Ahmed
KT-2026-0307,2026-06-15,Farhan Hirsi Jama,Mogadishu,Accessories,Apple AirPods Pro 2,8,175,225,1800,1400,400,Cash USD,Fadumo Hussein
KT-2026-0308,2026-07-27,Naima Nuur Hussein,Baidoa,Accessories,Anker 20000mAh Power Bank 22.5W,8,24,38,304,192,112,Zaad,Muna Said
KT-2026-0309,2026-07-09,Zakariya Cali Farah,Baidoa,Accessories,Fast Charger 65W GaN Dual Port,7,12,24,168,84,84,EVC Plus,Zahra Jama
KT-2026-0310,2026-08-16,Kiin Abdullahi Hirsi,Baidoa,Laptops,Lenovo ThinkPad T14 Gen 3,1,520,650,650,520,130,Sahal,Muna Said
KT-2026-0311,2026-08-08,Hassan Osman Isse,Galkayo,Mobile Phones,Samsung Galaxy A16 5G,1,110,145,145,110,35,EVC Plus,Abdirizak Noor
KT-2026-0312,2026-08-22,Faiza Liban Hassan,Hargeisa,Mobile Phones,iPhone 16 Pro Max 256GB,1,1080,1280,1280,1080,200,Zaad,Abdirizak Noor
KT-2026-0313,2026-08-06,Fuad Ibrahim Abdullahi,Burao,Accessories,Samsung Galaxy Buds 2 Pro,3,110,150,450,330,120,Sahal,Sharmaarke Ali
KT-2026-0314,2026-08-01,Bilal Hassan Hussein,Hargeisa,Accessories,Baseus 100W Fast Charging Cable,3,5,12,36,15,21,Sahal,Mahad Ahmed
KT-2026-0315,2026-07-14,Sumaya Ahmed Elmi,Burao,Mobile Phones,Infinix Note 40 Pro,1,175,220,220,175,45,Premier Wallet,Muna Said
KT-2026-0316,2026-08-29,Maryan Hussein Said,Mogadishu,Accessories,Fast Charger 65W GaN Dual Port,2,12,24,48,24,24,EVC Plus,Mahad Ahmed
KT-2026-0317,2026-08-22,Ayaanle Jama Mahamud,Garowe,Laptops,Dell Latitude 5420 i5,1,310,395,395,310,85,Zaad,Mahad Ahmed
KT-2026-0318,2026-08-11,Idil Osman Abdullahi,Bosaso,Mobile Phones,Samsung Galaxy A16 5G,1,110,145,145,110,35,Premier Wallet,Zahra Jama
KT-2026-0319,2026-06-04,Fuad Barre Hassan,Baidoa,Mobile Phones,iPhone 16 Pro Max 256GB,1,1080,1280,1280,1080,200,Zaad,Mahad Ahmed
KT-2026-0320,2026-08-30,Farhan Abdi Hirsi,Bosaso,Mobile Phones,Infinix Note 40 Pro,1,175,220,220,175,45,Premier Wallet,Sharmaarke Ali
KT-2026-0321,2026-07-04,Asha Dualeh Liban,Baidoa,Tablets,iPad 10th Gen 64GB,1,310,380,380,310,70,EVC Plus,Mahad Ahmed
KT-2026-0322,2026-07-16,Fadumo Jama Isse,Kismayo,Tablets,iPad 10th Gen 64GB,1,310,380,380,310,70,Cash USD,Fadumo Hussein
KT-2026-0323,2026-07-11,Khalid Said Abdi,Bosaso,Mobile Phones,Infinix Note 40 Pro,1,175,220,220,175,45,eDahab,Zahra Jama
KT-2026-0324,2026-07-24,Farhan Abdullahi Hassan,Bosaso,Laptops,HP ProBook 450 G10,1,490,610,610,490,120,Cash USD,Muna Said
KT-2026-0325,2026-06-23,Liban Said Farah,Bosaso,Mobile Phones,Redmi 13C 128GB,2,85,110,220,170,50,eDahab,Sharmaarke Ali
KT-2026-0326,2026-07-16,Liban Farah Ahmed,Baidoa,Laptops,Lenovo ThinkPad T14 Gen 3,1,520,650,650,520,130,Premier Wallet,Zahra Jama
KT-2026-0327,2026-08-27,Fartun Nuur Warsame,Burao,Mobile Phones,Samsung Galaxy A16 5G,1,110,145,145,110,35,EVC Plus,Fadumo Hussein
KT-2026-0328,2026-07-08,Zakariya Osman Hirsi,Kismayo,Mobile Phones,Samsung Galaxy A16 5G,1,110,145,145,110,35,eDahab,Muna Said
KT-2026-0329,2026-08-03,Farhan Abdi Yusuf,Galkayo,Laptops,Lenovo ThinkPad T14 Gen 3,1,520,650,650,520,130,EVC Plus,Muna Said
KT-2026-0330,2026-07-27,Yasin Abdi Mahamud,Garowe,Mobile Phones,Redmi Note 13 Pro 5G,2,190,240,480,380,100,EVC Plus,Zahra Jama
KT-2026-0331,2026-07-04,Ikran Hussein Warsame,Hargeisa,Accessories,Samsung Galaxy Buds 2 Pro,4,110,150,600,440,160,Zaad,Muna Said
KT-2026-0332,2026-08-15,Ikran Nuur Gedi,Baidoa,Mobile Phones,Samsung Galaxy A16 5G,1,110,145,145,110,35,Zaad,Fadumo Hussein
KT-2026-0333,2026-06-08,Sagal Yusuf Gedi,Bosaso,Mobile Phones,Redmi 13C 128GB,3,85,110,330,255,75,Sahal,Mahad Ahmed
KT-2026-0334,2026-08-13,Ikran Elmi Isse,Hargeisa,Mobile Phones,Samsung Galaxy S24 FE,3,480,580,1740,1440,300,Premier Wallet,Sharmaarke Ali
KT-2026-0335,2026-07-06,Suaad Farah Osman,Bosaso,Accessories,Anker MagGo Wireless Power Bank,6,32,50,300,192,108,Zaad,Muna Said
KT-2026-0336,2026-07-21,Sahra Barre Dahir,Kismayo,Tablets,Samsung Galaxy Tab A9+,1,160,210,210,160,50,Premier Wallet,Sharmaarke Ali
KT-2026-0337,2026-08-21,Mahad Elmi Mahamud,Kismayo,Accessories,Anker MagGo Wireless Power Bank,6,32,50,300,192,108,Premier Wallet,Zahra Jama
KT-2026-0338,2026-07-12,Abdirizak Geedi Hussein,Burao,Tablets,Samsung Galaxy Tab A9+,1,160,210,210,160,50,Sahal,Sharmaarke Ali
KT-2026-0339,2026-08-08,Nasteho Hassan Ahmed,Burao,Mobile Phones,Tecno Spark 20 Pro,1,120,155,155,120,35,Sahal,Mahad Ahmed
KT-2026-0340,2026-08-10,Farhan Shire Liban,Mogadishu,Mobile Phones,iPhone 16 Pro 128GB,1,920,1090,1090,920,170,Premier Wallet,Sharmaarke Ali
KT-2026-0341,2026-06-16,Fuad Warsame Ali,Baidoa,Mobile Phones,Samsung Galaxy A05s,3,75,98,294,225,69,Zaad,Muna Said
KT-2026-0342,2026-07-09,Abdirizak Yusuf Hussein,Galkayo,Mobile Phones,Tecno Spark 20 Pro,1,120,155,155,120,35,Cash USD,Muna Said
KT-2026-0343,2026-06-22,Mahad Dualeh Said,Garowe,Laptops,MacBook Pro M3 512GB,1,1380,1590,1590,1380,210,Cash USD,Sharmaarke Ali
KT-2026-0344,2026-06-01,Liban Hussein Farah,Garowe,Laptops,Dell Latitude 5420 i5,1,310,395,395,310,85,EVC Plus,Sharmaarke Ali
KT-2026-0345,2026-08-29,Naima Abdi Hassan,Bosaso,Laptops,HP ProBook 450 G10,1,490,610,610,490,120,Premier Wallet,Sharmaarke Ali
KT-2026-0346,2026-06-14,Mustafe Ibrahim Said,Bosaso,Laptops,MacBook Air M2 256GB,1,840,990,990,840,150,Zaad,Muna Said
KT-2026-0347,2026-08-26,Ahmed Elmi Barre,Mogadishu,Tablets,iPad 10th Gen 64GB,1,310,380,380,310,70,Premier Wallet,Mahad Ahmed
KT-2026-0348,2026-06-28,Jibril Hassan Gedi,Burao,Accessories,JBL Charge 5 Bluetooth Speaker,4,115,155,620,460,160,EVC Plus,Sharmaarke Ali
KT-2026-0349,2026-06-18,Farhan Geedi Abdullahi,Galkayo,Laptops,MacBook Pro M3 512GB,1,1380,1590,1590,1380,210,Zaad,Fadumo Hussein
KT-2026-0350,2026-07-06,Khalid Hirsi Gedi,Kismayo,Accessories,Samsung Galaxy Buds 2 Pro,1,110,150,150,110,40,Cash USD,Mahad Ahmed
KT-2026-0351,2026-06-27,Mubarak Abdullahi Said,Mogadishu,Accessories,Fast Charger 65W GaN Dual Port,4,12,24,96,48,48,Premier Wallet,Zahra Jama
KT-2026-0352,2026-06-15,Liban Dualeh Gedi,Hargeisa,Laptops,Dell Latitude 5420 i5,1,310,395,395,310,85,EVC Plus,Mahad Ahmed
KT-2026-0353,2026-07-11,Mahad Barre Hassan,Galkayo,Laptops,Lenovo ThinkPad T14 Gen 3,1,520,650,650,520,130,Premier Wallet,Sharmaarke Ali
KT-2026-0354,2026-06-03,Abdirahman Yusuf Ahmed,Mogadishu,Mobile Phones,iPhone 16 Pro 128GB,2,920,1090,2180,1840,340,Premier Wallet,Abdirizak Noor
KT-2026-0355,2026-07-07,Fartun Nuur Abdullahi,Hargeisa,Tablets,Samsung Galaxy Tab A9+,1,160,210,210,160,50,eDahab,Fadumo Hussein
KT-2026-0356,2026-07-06,Bilal Hussein Elmi,Garowe,Accessories,Fast Charger 65W GaN Dual Port,3,12,24,72,36,36,eDahab,Mahad Ahmed
KT-2026-0357,2026-07-21,Bilal Nuur Hassan,Garowe,Mobile Phones,iPhone 16 Pro 128GB,1,920,1090,1090,920,170,Premier Wallet,Sharmaarke Ali
KT-2026-0358,2026-07-29,Bilal Cali Mahamud,Bosaso,Mobile Phones,Samsung Galaxy S25 Ultra,1,850,1020,1020,850,170,Zaad,Muna Said
KT-2026-0359,2026-06-02,Liban Ibrahim Elmi,Kismayo,Mobile Phones,Samsung Galaxy A16 5G,1,110,145,145,110,35,Cash USD,Mahad Ahmed
KT-2026-0360,2026-06-16,Mustafe Hassan Yusuf,Hargeisa,Mobile Phones,Tecno Spark 20 Pro,1,120,155,155,120,35,eDahab,Muna Said
KT-2026-0361,2026-06-10,Idil Elmi Ibrahim,Mogadishu,Laptops,HP ProBook 450 G10,1,490,610,610,490,120,Zaad,Mahad Ahmed
KT-2026-0362,2026-06-21,Faiza Abdi Barre,Hargeisa,Mobile Phones,Tecno Camon 30 Pro,1,210,260,260,210,50,EVC Plus,Sharmaarke Ali
KT-2026-0363,2026-06-02,Mohamed Shire Ibrahim,Baidoa,Mobile Phones,Samsung Galaxy S24 FE,1,480,580,580,480,100,EVC Plus,Abdirizak Noor
KT-2026-0364,2026-08-31,Hodhan Liban Osman,Baidoa,Accessories,Apple AirPods Pro 2,6,175,225,1350,1050,300,Sahal,Sharmaarke Ali
KT-2026-0365,2026-08-13,Deqo Elmi Isse,Mogadishu,Mobile Phones,Samsung Galaxy A16 5G,1,110,145,145,110,35,eDahab,Sharmaarke Ali
KT-2026-0366,2026-07-22,Saciid Warsame Said,Kismayo,Mobile Phones,Redmi 13C 128GB,1,85,110,110,85,25,Premier Wallet,Sharmaarke Ali
KT-2026-0367,2026-07-18,Bilal Barre Said,Garowe,Laptops,HP EliteBook 830 G8 Core i7,1,340,430,430,340,90,Premier Wallet,Fadumo Hussein
KT-2026-0368,2026-08-09,Omar Ali Hassan,Mogadishu,Mobile Phones,Tecno Camon 30 Pro,1,210,260,260,210,50,Cash USD,Muna Said
KT-2026-0369,2026-06-02,Amina Cali Abdullahi,Kismayo,Mobile Phones,Samsung Galaxy S25 Ultra,1,850,1020,1020,850,170,Zaad,Zahra Jama
KT-2026-0370,2026-08-02,Omar Nuur Yusuf,Hargeisa,Mobile Phones,iPhone 16 Pro 128GB,2,920,1090,2180,1840,340,eDahab,Zahra Jama
KT-2026-0371,2026-08-29,Idil Geedi Hussein,Hargeisa,Laptops,Dell Latitude 5420 i5,1,310,395,395,310,85,Premier Wallet,Sharmaarke Ali
KT-2026-0372,2026-08-15,Yasin Cali Farah,Garowe,Mobile Phones,Redmi Note 13 Pro 5G,1,190,240,240,190,50,Sahal,Zahra Jama
KT-2026-0373,2026-08-29,Maryan Warsame Yusuf,Garowe,Mobile Phones,iPhone 15 128GB,2,650,780,1560,1300,260,Zaad,Abdirizak Noor
KT-2026-0374,2026-06-14,Hassan Jama Warsame,Burao,Mobile Phones,Redmi 13C 128GB,1,85,110,110,85,25,eDahab,Mahad Ahmed
KT-2026-0375,2026-06-27,Shukri Warsame Yusuf,Hargeisa,Mobile Phones,iPhone 15 128GB,1,650,780,780,650,130,Cash USD,Mahad Ahmed
KT-2026-0376,2026-08-30,Hamse Liban Farah,Hargeisa,Accessories,Anker MagGo Wireless Power Bank,4,32,50,200,128,72,Sahal,Zahra Jama
KT-2026-0377,2026-08-05,Ayaanle Said Yusuf,Bosaso,Mobile Phones,iPhone 16 Pro Max 256GB,3,1080,1280,3840,3240,600,Premier Wallet,Abdirizak Noor
KT-2026-0378,2026-08-10,Hassan Warsame Abdi,Bosaso,Mobile Phones,Samsung Galaxy S25 Ultra,1,850,1020,1020,850,170,Zaad,Fadumo Hussein
KT-2026-0379,2026-06-26,Leyla Cali Dahir,Hargeisa,Tablets,iPad Air M2 11-inch,1,490,590,590,490,100,EVC Plus,Sharmaarke Ali
KT-2026-0380,2026-06-09,Saciid Dualeh Warsame,Bosaso,Mobile Phones,iPhone 15 128GB,2,650,780,1560,1300,260,Sahal,Sharmaarke Ali
KT-2026-0381,2026-06-06,Farhiya Jama Barre,Baidoa,Accessories,Baseus 100W Fast Charging Cable,7,5,12,84,35,49,Premier Wallet,Sharmaarke Ali
KT-2026-0382,2026-07-19,Muna Ibrahim Ahmed,Bosaso,Mobile Phones,Tecno Spark 20 Pro,1,120,155,155,120,35,Zaad,Sharmaarke Ali
KT-2026-0383,2026-08-18,Kadar Said Shire,Baidoa,Accessories,Apple 20W USB-C Power Adapter,8,11,20,160,88,72,EVC Plus,Sharmaarke Ali
KT-2026-0384,2026-07-06,Sahra Hassan Ahmed,Garowe,Tablets,Samsung Galaxy Tab A9+,3,160,210,630,480,150,eDahab,Sharmaarke Ali
KT-2026-0385,2026-07-19,Hafsa Hirsi Shire,Galkayo,Tablets,iPad Air M2 11-inch,1,490,590,590,490,100,Premier Wallet,Mahad Ahmed
KT-2026-0386,2026-06-24,Mustafe Gedi Osman,Mogadishu,Accessories,Apple 20W USB-C Power Adapter,5,11,20,100,55,45,EVC Plus,Zahra Jama
KT-2026-0387,2026-08-07,Faiza Barre Osman,Bosaso,Mobile Phones,Samsung Galaxy S25 Ultra,1,850,1020,1020,850,170,Zaad,Mahad Ahmed
KT-2026-0388,2026-08-08,Mukhtar Osman Barre,Baidoa,Mobile Phones,Infinix Note 40 Pro,2,175,220,440,350,90,Zaad,Fadumo Hussein
KT-2026-0389,2026-07-01,Sumaya Geedi Adan,Galkayo,Tablets,iPad Air M2 11-inch,1,490,590,590,490,100,Cash USD,Mahad Ahmed
KT-2026-0390,2026-08-12,Farhan Ahmed Shire,Kismayo,Mobile Phones,Samsung Galaxy A16 5G,1,110,145,145,110,35,EVC Plus,Sharmaarke Ali
KT-2026-0391,2026-06-30,Abdirahman Elmi Shire,Mogadishu,Mobile Phones,Redmi 13C 128GB,2,85,110,220,170,50,Zaad,Fadumo Hussein
KT-2026-0392,2026-07-14,Jibril Liban Mohamed,Mogadishu,Mobile Phones,Samsung Galaxy S24 FE,1,480,580,580,480,100,Zaad,Sharmaarke Ali
KT-2026-0393,2026-08-07,Khadra Ibrahim Adan,Baidoa,Tablets,iPad Air M2 11-inch,1,490,590,590,490,100,Sahal,Mahad Ahmed
KT-2026-0394,2026-06-18,Mubarak Hassan Dahir,Burao,Tablets,Samsung Galaxy Tab A9+,1,160,210,210,160,50,Cash USD,Abdirizak Noor
KT-2026-0395,2026-08-28,Hodhan Cali Barre,Bosaso,Laptops,MacBook Air M2 256GB,1,840,990,990,840,150,Cash USD,Mahad Ahmed
KT-2026-0396,2026-06-17,Mubarak Ali Adan,Baidoa,Accessories,JBL Charge 5 Bluetooth Speaker,1,115,155,155,115,40,Zaad,Abdirizak Noor
KT-2026-0397,2026-07-11,Kadar Barre Abdi,Burao,Mobile Phones,Samsung Galaxy S24 FE,1,480,580,580,480,100,EVC Plus,Fadumo Hussein
KT-2026-0398,2026-07-15,Muna Dualeh Hussein,Galkayo,Laptops,HP EliteBook 830 G8 Core i7,1,340,430,430,340,90,Zaad,Fadumo Hussein
KT-2026-0399,2026-08-28,Sharmaarke Yusuf Abdi,Mogadishu,Mobile Phones,iPhone 16 Pro 128GB,1,920,1090,1090,920,170,Cash USD,Zahra Jama
KT-2026-0400,2026-06-22,Hafsa Abdullahi Ibrahim,Baidoa,Mobile Phones,Samsung Galaxy S25 Ultra,2,850,1020,2040,1700,340,eDahab,Muna Said
KT-2026-0401,2026-08-27,Abdi Warsame Hussein,Mogadishu,Mobile Phones,Redmi Note 13 Pro 5G,1,190,240,240,190,50,Sahal,Sharmaarke Ali
KT-2026-0402,2026-06-10,Muna Abdullahi Jama,Hargeisa,Laptops,Lenovo ThinkPad T14 Gen 3,2,520,650,1300,1040,260,EVC Plus,Mahad Ahmed
KT-2026-0403,2026-08-16,Nimo Ali Hassan,Bosaso,Tablets,iPad 10th Gen 64GB,2,310,380,760,620,140,Zaad,Sharmaarke Ali
KT-2026-0404,2026-06-13,Nasteho Ahmed Hassan,Kismayo,Accessories,Anker 20000mAh Power Bank 22.5W,5,24,38,190,120,70,Sahal,Fadumo Hussein
KT-2026-0405,2026-06-13,Mahad Barre Hirsi,Burao,Mobile Phones,Samsung Galaxy S24 FE,1,480,580,580,480,100,EVC Plus,Zahra Jama
KT-2026-0406,2026-06-12,Naima Cali Dahir,Burao,Mobile Phones,Samsung Galaxy A05s,1,75,98,98,75,23,Zaad,Fadumo Hussein
KT-2026-0407,2026-08-21,Khadra Shire Abdi,Kismayo,Accessories,Fast Charger 65W GaN Dual Port,7,12,24,168,84,84,Premier Wallet,Zahra Jama
KT-2026-0408,2026-08-24,Khadra Dualeh Hirsi,Baidoa,Mobile Phones,Samsung Galaxy A16 5G,1,110,145,145,110,35,Premier Wallet,Mahad Ahmed
KT-2026-0409,2026-06-24,Farhiya Yusuf Warsame,Burao,Mobile Phones,Tecno Spark 20 Pro,1,120,155,155,120,35,Sahal,Abdirizak Noor
KT-2026-0410,2026-06-08,Mukhtar Nuur Isse,Hargeisa,Mobile Phones,iPhone 15 128GB,1,650,780,780,650,130,eDahab,Zahra Jama
KT-2026-0411,2026-08-15,Guled Mohamed Abdullahi,Baidoa,Laptops,Lenovo ThinkPad T14 Gen 3,1,520,650,650,520,130,Premier Wallet,Abdirizak Noor
KT-2026-0412,2026-07-01,Shukri Hussein Abdullahi,Mogadishu,Laptops,Dell Latitude 5420 i5,1,310,395,395,310,85,eDahab,Abdirizak Noor
KT-2026-0413,2026-08-26,Hassan Warsame Jama,Bosaso,Mobile Phones,Samsung Galaxy A05s,2,75,98,196,150,46,Zaad,Sharmaarke Ali
KT-2026-0414,2026-07-25,Ayaanle Hassan Ahmed,Bosaso,Accessories,Baseus 100W Fast Charging Cable,5,5,12,60,25,35,Sahal,Muna Said
KT-2026-0415,2026-06-09,Mahad Hirsi Abdullahi,Galkayo,Accessories,JBL Charge 5 Bluetooth Speaker,5,115,155,775,575,200,eDahab,Zahra Jama
KT-2026-0416,2026-06-02,Deqo Hassan Farah,Bosaso,Tablets,iPad Air M2 11-inch,1,490,590,590,490,100,EVC Plus,Sharmaarke Ali
KT-2026-0417,2026-08-12,Suleiman Said Hirsi,Galkayo,Accessories,Apple 20W USB-C Power Adapter,7,11,20,140,77,63,Sahal,Zahra Jama
KT-2026-0418,2026-08-23,Kiin Gedi Shire,Mogadishu,Mobile Phones,Samsung Galaxy A16 5G,1,110,145,145,110,35,Zaad,Abdirizak Noor
KT-2026-0419,2026-08-17,Farhiya Abdullahi Liban,Garowe,Mobile Phones,iPhone 16 Pro 128GB,1,920,1090,1090,920,170,Sahal,Mahad Ahmed
KT-2026-0420,2026-06-03,Naima Said Said,Kismayo,Accessories,Baseus 100W Fast Charging Cable,8,5,12,96,40,56,Cash USD,Muna Said
KT-2026-0421,2026-06-13,Omar Said Mahamud,Burao,Accessories,Samsung Galaxy Buds 2 Pro,6,110,150,900,660,240,Sahal,Muna Said
KT-2026-0422,2026-07-24,Hamse Warsame Ahmed,Baidoa,Accessories,Apple AirPods Pro 2,8,175,225,1800,1400,400,eDahab,Mahad Ahmed
KT-2026-0423,2026-06-08,Ahmed Said Adan,Baidoa,Mobile Phones,Samsung Galaxy S24 FE,1,480,580,580,480,100,eDahab,Abdirizak Noor
KT-2026-0424,2026-06-04,Hamse Ahmed Mohamed,Garowe,Mobile Phones,iPhone 16 Pro 128GB,1,920,1090,1090,920,170,Sahal,Muna Said
KT-2026-0425,2026-06-26,Leyla Warsame Elmi,Baidoa,Tablets,Samsung Galaxy Tab A9+,2,160,210,420,320,100,Cash USD,Sharmaarke Ali
KT-2026-0426,2026-07-01,Hafsa Gedi Warsame,Bosaso,Accessories,JBL Charge 5 Bluetooth Speaker,8,115,155,1240,920,320,eDahab,Abdirizak Noor
KT-2026-0427,2026-07-15,Muna Yusuf Mahamud,Hargeisa,Mobile Phones,Redmi Note 13 Pro 5G,1,190,240,240,190,50,EVC Plus,Fadumo Hussein
KT-2026-0428,2026-08-13,Abdirizak Osman Dahir,Garowe,Accessories,Anker 20000mAh Power Bank 22.5W,4,24,38,152,96,56,Sahal,Muna Said
KT-2026-0429,2026-07-23,Abdirizak Cali Ali,Burao,Mobile Phones,Samsung Galaxy S24 FE,1,480,580,580,480,100,eDahab,Sharmaarke Ali
KT-2026-0430,2026-06-29,Fadumo Said Adan,Kismayo,Laptops,MacBook Pro M3 512GB,1,1380,1590,1590,1380,210,Sahal,Zahra Jama
KT-2026-0431,2026-07-03,Fuad Said Isse,Baidoa,Tablets,iPad Air M2 11-inch,1,490,590,590,490,100,eDahab,Muna Said
KT-2026-0432,2026-07-18,Shukri Cali Abdi,Burao,Mobile Phones,iPhone 15 128GB,1,650,780,780,650,130,Sahal,Muna Said
KT-2026-0433,2026-07-12,Rahma Dualeh Adan,Kismayo,Mobile Phones,Samsung Galaxy A05s,1,75,98,98,75,23,Zaad,Sharmaarke Ali
KT-2026-0434,2026-08-16,Hibaaq Liban Isse,Bosaso,Accessories,Apple AirPods Pro 2,1,175,225,225,175,50,Cash USD,Zahra Jama
KT-2026-0435,2026-07-08,Zahra Hassan Abdullahi,Baidoa,Accessories,Apple AirPods Pro 2,1,175,225,225,175,50,eDahab,Muna Said
KT-2026-0436,2026-08-13,Mustafe Geedi Adan,Garowe,Accessories,Anker 20000mAh Power Bank 22.5W,8,24,38,304,192,112,Cash USD,Mahad Ahmed
KT-2026-0437,2026-08-04,Ikran Jama Isse,Bosaso,Mobile Phones,Redmi Note 13 Pro 5G,1,190,240,240,190,50,Zaad,Muna Said
KT-2026-0438,2026-07-04,Ayaanle Liban Dahir,Hargeisa,Mobile Phones,Tecno Camon 30 Pro,1,210,260,260,210,50,Cash USD,Mahad Ahmed
KT-2026-0439,2026-07-24,Leyla Yusuf Barre,Kismayo,Laptops,HP EliteBook 830 G8 Core i7,1,340,430,430,340,90,Premier Wallet,Sharmaarke Ali
KT-2026-0440,2026-08-21,Liban Ahmed Elmi,Hargeisa,Accessories,JBL Charge 5 Bluetooth Speaker,7,115,155,1085,805,280,eDahab,Mahad Ahmed
KT-2026-0441,2026-07-23,Abdirizak Farah Farah,Garowe,Mobile Phones,Redmi 13C 128GB,1,85,110,110,85,25,eDahab,Zahra Jama
KT-2026-0442,2026-06-19,Ikran Nuur Jama,Hargeisa,Laptops,HP ProBook 450 G10,1,490,610,610,490,120,Zaad,Mahad Ahmed
KT-2026-0443,2026-08-21,Abdirahman Warsame Yusuf,Garowe,Accessories,Samsung Galaxy Buds 2 Pro,3,110,150,450,330,120,eDahab,Fadumo Hussein
KT-2026-0444,2026-08-02,Omar Gedi Hassan,Baidoa,Laptops,MacBook Air M2 256GB,1,840,990,990,840,150,Premier Wallet,Zahra Jama
KT-2026-0445,2026-06-01,Guled Ahmed Mahamud,Galkayo,Mobile Phones,iPhone 16 Pro Max 256GB,2,1080,1280,2560,2160,400,eDahab,Fadumo Hussein
KT-2026-0446,2026-06-03,Kadar Geedi Osman,Garowe,Accessories,Anker MagGo Wireless Power Bank,6,32,50,300,192,108,Sahal,Fadumo Hussein
KT-2026-0447,2026-06-14,Asha Barre Said,Bosaso,Mobile Phones,iPhone 15 128GB,2,650,780,1560,1300,260,Sahal,Mahad Ahmed
KT-2026-0448,2026-07-29,Fartun Cali Farah,Galkayo,Accessories,Apple 20W USB-C Power Adapter,8,11,20,160,88,72,Sahal,Fadumo Hussein
KT-2026-0449,2026-06-22,Amina Osman Osman,Bosaso,Mobile Phones,Samsung Galaxy A05s,1,75,98,98,75,23,eDahab,Abdirizak Noor
KT-2026-0450,2026-06-22,Sharmaarke Nuur Dahir,Mogadishu,Laptops,MacBook Air M2 256GB,1,840,990,990,840,150,Sahal,Abdirizak Noor
KT-2026-0451,2026-08-19,Anas Mohamed Isse,Hargeisa,Tablets,Samsung Galaxy Tab A9+,2,160,210,420,320,100,EVC Plus,Muna Said
KT-2026-0452,2026-06-15,Idil Abdullahi Abdi,Kismayo,Laptops,HP ProBook 450 G10,1,490,610,610,490,120,Zaad,Muna Said
KT-2026-0453,2026-08-27,Bilal Hassan Isse,Hargeisa,Accessories,Anker 20000mAh Power Bank 22.5W,5,24,38,190,120,70,eDahab,Abdirizak Noor
KT-2026-0454,2026-08-29,Yasin Abdi Elmi,Hargeisa,Mobile Phones,Redmi Note 13 Pro 5G,1,190,240,240,190,50,EVC Plus,Zahra Jama
KT-2026-0455,2026-06-26,Mukhtar Yusuf Elmi,Garowe,Mobile Phones,Infinix Note 40 Pro,1,175,220,220,175,45,Sahal,Fadumo Hussein
KT-2026-0456,2026-06-06,Zahra Ahmed Adan,Burao,Mobile Phones,Redmi 13C 128GB,1,85,110,110,85,25,EVC Plus,Muna Said
KT-2026-0457,2026-06-12,Ismail Barre Isse,Burao,Mobile Phones,Samsung Galaxy S24 FE,2,480,580,1160,960,200,eDahab,Sharmaarke Ali
KT-2026-0458,2026-06-13,Sundus Osman Warsame,Kismayo,Mobile Phones,Tecno Spark 20 Pro,1,120,155,155,120,35,EVC Plus,Fadumo Hussein
KT-2026-0459,2026-06-06,Leyla Cali Liban,Baidoa,Accessories,Apple AirPods Pro 2,2,175,225,450,350,100,EVC Plus,Sharmaarke Ali
KT-2026-0460,2026-06-02,Ayaanle Dualeh Jama,Galkayo,Mobile Phones,Infinix Note 40 Pro,2,175,220,440,350,90,eDahab,Mahad Ahmed
KT-2026-0461,2026-06-12,Naima Liban Jama,Hargeisa,Laptops,MacBook Air M2 256GB,1,840,990,990,840,150,Premier Wallet,Mahad Ahmed
KT-2026-0462,2026-07-20,Sumaya Hassan Dahir,Bosaso,Mobile Phones,Samsung Galaxy S25 Ultra,1,850,1020,1020,850,170,Cash USD,Sharmaarke Ali
KT-2026-0463,2026-06-21,Yasin Barre Shire,Burao,Mobile Phones,Samsung Galaxy A16 5G,1,110,145,145,110,35,Sahal,Abdirizak Noor
KT-2026-0464,2026-06-04,Liban Shire Abdi,Baidoa,Laptops,HP EliteBook 830 G8 Core i7,1,340,430,430,340,90,Sahal,Muna Said
KT-2026-0465,2026-07-11,Suaad Cali Elmi,Garowe,Accessories,Anker 20000mAh Power Bank 22.5W,6,24,38,228,144,84,eDahab,Abdirizak Noor
KT-2026-0466,2026-08-28,Yasin Cali Mahamud,Garowe,Laptops,HP ProBook 450 G10,1,490,610,610,490,120,Cash USD,Muna Said
KT-2026-0467,2026-07-20,Ismail Hirsi Gedi,Mogadishu,Mobile Phones,iPhone 16 Pro Max 256GB,1,1080,1280,1280,1080,200,Zaad,Abdirizak Noor
KT-2026-0468,2026-07-31,Ikran Jama Hussein,Burao,Mobile Phones,Redmi 13C 128GB,1,85,110,110,85,25,Sahal,Sharmaarke Ali
KT-2026-0469,2026-08-04,Guled Dualeh Abdullahi,Baidoa,Accessories,Baseus 100W Fast Charging Cable,4,5,12,48,20,28,EVC Plus,Zahra Jama
KT-2026-0470,2026-07-27,Khadra Shire Warsame,Galkayo,Mobile Phones,Samsung Galaxy S25 Ultra,3,850,1020,3060,2550,510,Cash USD,Muna Said
KT-2026-0471,2026-06-03,Mahad Hassan Mohamed,Mogadishu,Accessories,Baseus 100W Fast Charging Cable,2,5,12,24,10,14,eDahab,Abdirizak Noor
KT-2026-0472,2026-08-21,Rooda Elmi Hirsi,Garowe,Tablets,Samsung Galaxy Tab A9+,1,160,210,210,160,50,Sahal,Mahad Ahmed
KT-2026-0473,2026-06-07,Abdirizak Warsame Liban,Burao,Accessories,Anker MagGo Wireless Power Bank,6,32,50,300,192,108,Cash USD,Zahra Jama
KT-2026-0474,2026-06-15,Mukhtar Cali Osman,Mogadishu,Mobile Phones,Redmi 13C 128GB,1,85,110,110,85,25,Cash USD,Mahad Ahmed
KT-2026-0475,2026-08-10,Nimo Abdi Mohamed,Bosaso,Laptops,HP ProBook 450 G10,1,490,610,610,490,120,Cash USD,Muna Said
KT-2026-0476,2026-07-23,Zakariya Gedi Ahmed,Garowe,Mobile Phones,Samsung Galaxy S25 Ultra,2,850,1020,2040,1700,340,Premier Wallet,Fadumo Hussein
KT-2026-0477,2026-07-29,Suaad Liban Abdi,Baidoa,Mobile Phones,iPhone 16 Pro 128GB,2,920,1090,2180,1840,340,Cash USD,Abdirizak Noor
KT-2026-0478,2026-06-16,Idil Cali Barre,Bosaso,Laptops,HP ProBook 450 G10,1,490,610,610,490,120,Cash USD,Sharmaarke Ali
KT-2026-0479,2026-08-10,Naima Barre Shire,Bosaso,Accessories,Anker MagGo Wireless Power Bank,3,32,50,150,96,54,Cash USD,Fadumo Hussein
KT-2026-0480,2026-06-14,Hibaaq Gedi Gedi,Galkayo,Laptops,Dell Latitude 5420 i5,1,310,395,395,310,85,Premier Wallet,Abdirizak Noor
KT-2026-0481,2026-08-28,Zakariya Abdullahi Liban,Kismayo,Laptops,HP EliteBook 830 G8 Core i7,1,340,430,430,340,90,Zaad,Zahra Jama
KT-2026-0482,2026-08-17,Naima Nuur Hirsi,Galkayo,Accessories,Anker MagGo Wireless Power Bank,4,32,50,200,128,72,Zaad,Fadumo Hussein
KT-2026-0483,2026-08-19,Hibaaq Ibrahim Isse,Bosaso,Accessories,Anker MagGo Wireless Power Bank,3,32,50,150,96,54,eDahab,Abdirizak Noor
KT-2026-0484,2026-08-28,Nimo Abdi Ibrahim,Burao,Tablets,iPad Air M2 11-inch,1,490,590,590,490,100,Cash USD,Muna Said
KT-2026-0485,2026-07-24,Rooda Hassan Ali,Hargeisa,Mobile Phones,iPhone 16 Pro Max 256GB,1,1080,1280,1280,1080,200,EVC Plus,Muna Said
KT-2026-0486,2026-06-08,Zakariya Jama Said,Kismayo,Mobile Phones,Samsung Galaxy S24 FE,2,480,580,1160,960,200,Cash USD,Mahad Ahmed
KT-2026-0487,2026-06-27,Sharmaarke Warsame Abdi,Garowe,Accessories,Apple AirPods Pro 2,7,175,225,1575,1225,350,Zaad,Abdirizak Noor
KT-2026-0488,2026-08-29,Nimo Cali Mohamed,Baidoa,Laptops,MacBook Air M2 256GB,1,840,990,990,840,150,Cash USD,Mahad Ahmed
KT-2026-0489,2026-08-10,Abdirahman Geedi Yusuf,Garowe,Tablets,iPad 10th Gen 64GB,2,310,380,760,620,140,Premier Wallet,Fadumo Hussein
KT-2026-0490,2026-08-21,Faiza Barre Hirsi,Garowe,Accessories,Samsung Galaxy Buds 2 Pro,4,110,150,600,440,160,Sahal,Zahra Jama
KT-2026-0491,2026-06-23,Abdi Jama Mahamud,Hargeisa,Laptops,MacBook Air M2 256GB,1,840,990,990,840,150,Sahal,Abdirizak Noor
KT-2026-0492,2026-07-04,Abdi Barre Yusuf,Mogadishu,Mobile Phones,Redmi 13C 128GB,1,85,110,110,85,25,Zaad,Sharmaarke Ali
KT-2026-0493,2026-06-20,Fadumo Mohamed Dahir,Kismayo,Laptops,HP ProBook 450 G10,1,490,610,610,490,120,eDahab,Mahad Ahmed
KT-2026-0494,2026-06-10,Asha Osman Jama,Hargeisa,Accessories,Fast Charger 65W GaN Dual Port,3,12,24,72,36,36,Premier Wallet,Abdirizak Noor
KT-2026-0495,2026-08-08,Khadra Ibrahim Osman,Garowe,Accessories,Anker 20000mAh Power Bank 22.5W,6,24,38,228,144,84,Sahal,Mahad Ahmed
KT-2026-0496,2026-07-08,Mukhtar Gedi Elmi,Burao,Laptops,Lenovo ThinkPad T14 Gen 3,1,520,650,650,520,130,Cash USD,Sharmaarke Ali
KT-2026-0497,2026-06-15,Idil Osman Dahir,Garowe,Mobile Phones,iPhone 16 Pro 128GB,1,920,1090,1090,920,170,Sahal,Zahra Jama
KT-2026-0498,2026-06-15,Rahma Hirsi Mahamud,Kismayo,Mobile Phones,iPhone 16 Pro Max 256GB,2,1080,1280,2560,2160,400,Sahal,Abdirizak Noor
KT-2026-0499,2026-08-05,Hafsa Mohamed Said,Garowe,Mobile Phones,Redmi 13C 128GB,1,85,110,110,85,25,EVC Plus,Fadumo Hussein
KT-2026-0500,2026-08-08,Kadar Hussein Ahmed,Garowe,Accessories,JBL Charge 5 Bluetooth Speaker,7,115,155,1085,805,280,EVC Plus,Fadumo Hussein
KT-2026-0501,2026-08-08,Sundus Hussein Mahamud,Bosaso,Mobile Phones,iPhone 16 Pro Max 256GB,1,1080,1280,1280,1080,200,Sahal,Sharmaarke Ali
KT-2026-0502,2026-06-12,Mohamed Jama Yusuf,Hargeisa,Tablets,iPad Air M2 11-inch,2,490,590,1180,980,200,Sahal,Zahra Jama
KT-2026-0503,2026-07-20,Sundus Abdullahi Hassan,Galkayo,Mobile Phones,iPhone 16 Pro Max 256GB,1,1080,1280,1280,1080,200,EVC Plus,Abdirizak Noor
KT-2026-0504,2026-06-01,Mukhtar Geedi Barre,Mogadishu,Accessories,Anker MagGo Wireless Power Bank,2,32,50,100,64,36,Sahal,Abdirizak Noor
KT-2026-0505,2026-06-14,Sumaya Cali Said,Hargeisa,Mobile Phones,Redmi Note 13 Pro 5G,1,190,240,240,190,50,Premier Wallet,Zahra Jama
KT-2026-0506,2026-07-21,Liban Jama Hirsi,Garowe,Mobile Phones,Samsung Galaxy S24 FE,1,480,580,580,480,100,eDahab,Mahad Ahmed
KT-2026-0507,2026-08-21,Bilal Cali Mahamud,Galkayo,Mobile Phones,iPhone 16 Pro Max 256GB,1,1080,1280,1280,1080,200,eDahab,Fadumo Hussein
KT-2026-0508,2026-06-16,Abdirahman Barre Gedi,Baidoa,Laptops,Lenovo ThinkPad T14 Gen 3,1,520,650,650,520,130,EVC Plus,Mahad Ahmed
KT-2026-0509,2026-06-27,Nasteho Hassan Dahir,Bosaso,Mobile Phones,Samsung Galaxy A16 5G,1,110,145,145,110,35,eDahab,Mahad Ahmed
KT-2026-0510,2026-06-25,Abdi Cali Barre,Mogadishu,Accessories,JBL Charge 5 Bluetooth Speaker,8,115,155,1240,920,320,Cash USD,Abdirizak Noor
KT-2026-0511,2026-06-10,Hibaaq Hussein Yusuf,Hargeisa,Mobile Phones,Samsung Galaxy A05s,1,75,98,98,75,23,Premier Wallet,Mahad Ahmed
KT-2026-0512,2026-07-16,Ayaanle Dualeh Osman,Hargeisa,Mobile Phones,Redmi Note 13 Pro 5G,1,190,240,240,190,50,Zaad,Mahad Ahmed
KT-2026-0513,2026-08-02,Maryan Gedi Isse,Kismayo,Accessories,Anker MagGo Wireless Power Bank,3,32,50,150,96,54,eDahab,Abdirizak Noor
KT-2026-0514,2026-07-17,Fartun Jama Ali,Galkayo,Mobile Phones,Tecno Camon 30 Pro,1,210,260,260,210,50,Cash USD,Muna Said
KT-2026-0515,2026-08-22,Rahma Ibrahim Farah,Galkayo,Accessories,Apple 20W USB-C Power Adapter,8,11,20,160,88,72,Premier Wallet,Zahra Jama
KT-2026-0516,2026-07-16,Hafsa Hirsi Abdi,Bosaso,Tablets,Samsung Galaxy Tab A9+,1,160,210,210,160,50,Sahal,Fadumo Hussein
KT-2026-0517,2026-08-08,Zakariya Geedi Dahir,Hargeisa,Accessories,Apple AirPods Pro 2,2,175,225,450,350,100,EVC Plus,Abdirizak Noor
KT-2026-0518,2026-08-20,Ismail Barre Barre,Baidoa,Accessories,Samsung Galaxy Buds 2 Pro,4,110,150,600,440,160,EVC Plus,Abdirizak Noor
KT-2026-0519,2026-07-04,Sundus Farah Ibrahim,Baidoa,Mobile Phones,Tecno Camon 30 Pro,2,210,260,520,420,100,eDahab,Muna Said
KT-2026-0520,2026-07-08,Fuad Elmi Elmi,Hargeisa,Laptops,MacBook Air M2 256GB,1,840,990,990,840,150,EVC Plus,Muna Said
KT-2026-0521,2026-07-01,Mukhtar Elmi Farah,Burao,Mobile Phones,Samsung Galaxy A16 5G,1,110,145,145,110,35,eDahab,Muna Said
KT-2026-0522,2026-06-19,Leyla Mohamed Osman,Burao,Mobile Phones,Tecno Camon 30 Pro,1,210,260,260,210,50,Sahal,Fadumo Hussein
KT-2026-0523,2026-06-06,Ridwan Ibrahim Abdullahi,Burao,Laptops,HP EliteBook 830 G8 Core i7,1,340,430,430,340,90,EVC Plus,Muna Said
KT-2026-0524,2026-07-12,Suaad Elmi Dahir,Kismayo,Accessories,Baseus 100W Fast Charging Cable,5,5,12,60,25,35,eDahab,Abdirizak Noor
KT-2026-0525,2026-08-12,Mahad Dualeh Abdullahi,Galkayo,Tablets,iPad Air M2 11-inch,1,490,590,590,490,100,EVC Plus,Abdirizak Noor
KT-2026-0526,2026-07-03,Zahra Osman Elmi,Baidoa,Mobile Phones,Infinix Note 40 Pro,2,175,220,440,350,90,Sahal,Zahra Jama
KT-2026-0527,2026-08-01,Ridwan Farah Warsame,Bosaso,Mobile Phones,Tecno Camon 30 Pro,1,210,260,260,210,50,Cash USD,Mahad Ahmed
KT-2026-0528,2026-06-28,Abdi Jama Ibrahim,Hargeisa,Accessories,Anker 20000mAh Power Bank 22.5W,4,24,38,152,96,56,Premier Wallet,Mahad Ahmed
KT-2026-0529,2026-06-15,Hibaaq Shire Shire,Garowe,Tablets,iPad Air M2 11-inch,1,490,590,590,490,100,Premier Wallet,Sharmaarke Ali
KT-2026-0530,2026-07-02,Omar Barre Barre,Bosaso,Mobile Phones,Samsung Galaxy S24 FE,1,480,580,580,480,100,EVC Plus,Abdirizak Noor
KT-2026-0531,2026-06-19,Abdi Yusuf Jama,Baidoa,Tablets,iPad 10th Gen 64GB,3,310,380,1140,930,210,Cash USD,Sharmaarke Ali
KT-2026-0532,2026-08-24,Khadra Ahmed Warsame,Burao,Accessories,JBL Charge 5 Bluetooth Speaker,8,115,155,1240,920,320,Zaad,Fadumo Hussein
KT-2026-0533,2026-07-23,Suleiman Barre Jama,Kismayo,Mobile Phones,Samsung Galaxy A16 5G,1,110,145,145,110,35,Sahal,Zahra Jama
KT-2026-0534,2026-08-16,Khalid Abdullahi Abdullahi,Bosaso,Mobile Phones,Samsung Galaxy S25 Ultra,1,850,1020,1020,850,170,eDahab,Abdirizak Noor
KT-2026-0535,2026-08-27,Naima Farah Gedi,Hargeisa,Mobile Phones,Samsung Galaxy A16 5G,1,110,145,145,110,35,eDahab,Abdirizak Noor
KT-2026-0536,2026-06-05,Ahmed Shire Isse,Bosaso,Accessories,Apple 20W USB-C Power Adapter,1,11,20,20,11,9,Cash USD,Muna Said
KT-2026-0537,2026-07-26,Leyla Mohamed Adan,Baidoa,Mobile Phones,Tecno Camon 30 Pro,2,210,260,520,420,100,Premier Wallet,Zahra Jama
KT-2026-0538,2026-07-15,Yasin Farah Yusuf,Burao,Accessories,Samsung Galaxy Buds 2 Pro,4,110,150,600,440,160,EVC Plus,Mahad Ahmed
KT-2026-0539,2026-08-16,Rahma Ahmed Ali,Mogadishu,Tablets,iPad Air M2 11-inch,1,490,590,590,490,100,eDahab,Sharmaarke Ali
KT-2026-0540,2026-07-19,Suaad Liban Hassan,Galkayo,Mobile Phones,Samsung Galaxy S25 Ultra,1,850,1020,1020,850,170,Cash USD,Abdirizak Noor
KT-2026-0541,2026-07-03,Ikran Hirsi Hassan,Galkayo,Tablets,iPad 10th Gen 64GB,1,310,380,380,310,70,Cash USD,Zahra Jama
KT-2026-0542,2026-06-27,Sagal Hirsi Shire,Bosaso,Mobile Phones,Infinix Note 40 Pro,1,175,220,220,175,45,Premier Wallet,Mahad Ahmed
KT-2026-0543,2026-07-10,Faiza Nuur Abdullahi,Bosaso,Accessories,JBL Charge 5 Bluetooth Speaker,2,115,155,310,230,80,Cash USD,Fadumo Hussein
KT-2026-0544,2026-07-28,Hassan Ahmed Elmi,Baidoa,Accessories,Fast Charger 65W GaN Dual Port,6,12,24,144,72,72,eDahab,Abdirizak Noor
KT-2026-0545,2026-08-29,Abdi Abdullahi Dahir,Mogadishu,Accessories,Fast Charger 65W GaN Dual Port,2,12,24,48,24,24,Zaad,Zahra Jama
KT-2026-0546,2026-08-16,Khadra Hussein Yusuf,Garowe,Mobile Phones,Infinix Note 40 Pro,1,175,220,220,175,45,EVC Plus,Muna Said
KT-2026-0547,2026-07-20,Fadumo Dualeh Elmi,Kismayo,Accessories,Anker MagGo Wireless Power Bank,1,32,50,50,32,18,Zaad,Muna Said
KT-2026-0548,2026-08-03,Amina Ahmed Isse,Kismayo,Mobile Phones,Samsung Galaxy A05s,1,75,98,98,75,23,eDahab,Abdirizak Noor
KT-2026-0549,2026-08-06,Anas Jama Isse,Mogadishu,Mobile Phones,Infinix Note 40 Pro,1,175,220,220,175,45,EVC Plus,Fadumo Hussein
KT-2026-0550,2026-06-12,Faiza Abdullahi Ibrahim,Baidoa,Laptops,MacBook Air M2 256GB,1,840,990,990,840,150,eDahab,Sharmaarke Ali
KT-2026-0551,2026-08-30,Jibril Hussein Hirsi,Kismayo,Accessories,Apple AirPods Pro 2,6,175,225,1350,1050,300,Sahal,Mahad Ahmed
KT-2026-0552,2026-06-29,Fuad Abdullahi Barre,Mogadishu,Mobile Phones,Tecno Spark 20 Pro,1,120,155,155,120,35,eDahab,Sharmaarke Ali
KT-2026-0553,2026-08-11,Ridwan Said Liban,Hargeisa,Accessories,Fast Charger 65W GaN Dual Port,5,12,24,120,60,60,eDahab,Abdirizak Noor
KT-2026-0554,2026-07-03,Zamzam Barre Shire,Garowe,Accessories,Samsung Galaxy Buds 2 Pro,6,110,150,900,660,240,Premier Wallet,Muna Said
KT-2026-0555,2026-07-29,Liban Abdi Yusuf,Hargeisa,Laptops,MacBook Air M2 256GB,1,840,990,990,840,150,Zaad,Muna Said
KT-2026-0556,2026-08-29,Suleiman Liban Hassan,Galkayo,Laptops,Dell Latitude 5420 i5,1,310,395,395,310,85,Cash USD,Mahad Ahmed
KT-2026-0557,2026-07-02,Khadra Abdullahi Isse,Galkayo,Mobile Phones,iPhone 15 128GB,1,650,780,780,650,130,Zaad,Zahra Jama
KT-2026-0558,2026-07-11,Nasteho Barre Yusuf,Bosaso,Accessories,Apple AirPods Pro 2,4,175,225,900,700,200,Premier Wallet,Muna Said
KT-2026-0559,2026-06-26,Mubarak Osman Yusuf,Garowe,Mobile Phones,Tecno Camon 30 Pro,1,210,260,260,210,50,Zaad,Abdirizak Noor
KT-2026-0560,2026-07-16,Mukhtar Abdi Abdi,Hargeisa,Accessories,Anker 20000mAh Power Bank 22.5W,8,24,38,304,192,112,eDahab,Sharmaarke Ali
KT-2026-0561,2026-08-09,Abdirizak Shire Ibrahim,Galkayo,Laptops,HP ProBook 450 G10,1,490,610,610,490,120,eDahab,Mahad Ahmed
KT-2026-0562,2026-08-02,Mukhtar Elmi Yusuf,Baidoa,Mobile Phones,Tecno Camon 30 Pro,1,210,260,260,210,50,Zaad,Sharmaarke Ali
KT-2026-0563,2026-08-07,Hafsa Hirsi Mohamed,Galkayo,Laptops,MacBook Air M2 256GB,1,840,990,990,840,150,Zaad,Zahra Jama
KT-2026-0564,2026-06-16,Maryan Nuur Ali,Mogadishu,Accessories,Anker 20000mAh Power Bank 22.5W,4,24,38,152,96,56,Premier Wallet,Abdirizak Noor
KT-2026-0565,2026-06-13,Leyla Gedi Yusuf,Bosaso,Laptops,Lenovo ThinkPad T14 Gen 3,1,520,650,650,520,130,Sahal,Zahra Jama
KT-2026-0566,2026-08-18,Leyla Jama Shire,Baidoa,Mobile Phones,Samsung Galaxy A05s,1,75,98,98,75,23,Sahal,Mahad Ahmed
KT-2026-0567,2026-07-22,Idil Jama Barre,Bosaso,Tablets,iPad Air M2 11-inch,1,490,590,590,490,100,EVC Plus,Muna Said
KT-2026-0568,2026-07-05,Guled Hassan Abdullahi,Garowe,Mobile Phones,Samsung Galaxy S24 FE,2,480,580,1160,960,200,Cash USD,Fadumo Hussein
KT-2026-0569,2026-07-31,Abdi Hassan Shire,Bosaso,Accessories,Apple 20W USB-C Power Adapter,6,11,20,120,66,54,Premier Wallet,Mahad Ahmed
KT-2026-0570,2026-07-03,Mahad Abdi Adan,Bosaso,Mobile Phones,iPhone 16 Pro 128GB,1,920,1090,1090,920,170,Sahal,Zahra Jama
KT-2026-0571,2026-08-20,Fuad Geedi Liban,Kismayo,Mobile Phones,Infinix Note 40 Pro,1,175,220,220,175,45,eDahab,Mahad Ahmed
KT-2026-0572,2026-07-15,Yasin Abdi Ibrahim,Garowe,Tablets,iPad Air M2 11-inch,1,490,590,590,490,100,Cash USD,Abdirizak Noor
KT-2026-0573,2026-06-23,Leyla Liban Isse,Burao,Accessories,Samsung Galaxy Buds 2 Pro,8,110,150,1200,880,320,EVC Plus,Zahra Jama
KT-2026-0574,2026-08-18,Idil Dualeh Farah,Bosaso,Tablets,Samsung Galaxy Tab A9+,2,160,210,420,320,100,Sahal,Zahra Jama
KT-2026-0575,2026-08-20,Ikran Hussein Hussein,Bosaso,Mobile Phones,Redmi 13C 128GB,1,85,110,110,85,25,Sahal,Muna Said
KT-2026-0576,2026-07-08,Fadumo Dualeh Abdullahi,Kismayo,Accessories,Apple 20W USB-C Power Adapter,8,11,20,160,88,72,Sahal,Muna Said
KT-2026-0577,2026-08-15,Fartun Jama Jama,Mogadishu,Mobile Phones,Samsung Galaxy S24 FE,1,480,580,580,480,100,Cash USD,Mahad Ahmed
KT-2026-0578,2026-08-29,Hamse Jama Abdullahi,Hargeisa,Mobile Phones,Samsung Galaxy S25 Ultra,1,850,1020,1020,850,170,Premier Wallet,Abdirizak Noor
KT-2026-0579,2026-06-07,Mukhtar Abdullahi Elmi,Hargeisa,Mobile Phones,Samsung Galaxy S25 Ultra,1,850,1020,1020,850,170,Zaad,Sharmaarke Ali
KT-2026-0580,2026-08-23,Shukri Osman Osman,Kismayo,Laptops,HP EliteBook 830 G8 Core i7,1,340,430,430,340,90,Zaad,Abdirizak Noor
KT-2026-0581,2026-06-22,Mohamed Cali Ibrahim,Galkayo,Accessories,JBL Charge 5 Bluetooth Speaker,8,115,155,1240,920,320,Premier Wallet,Abdirizak Noor
KT-2026-0582,2026-07-05,Sahra Nuur Hirsi,Bosaso,Tablets,iPad Air M2 11-inch,1,490,590,590,490,100,Cash USD,Muna Said
KT-2026-0583,2026-08-21,Asha Dualeh Dahir,Kismayo,Mobile Phones,Infinix Note 40 Pro,1,175,220,220,175,45,Zaad,Sharmaarke Ali
KT-2026-0584,2026-07-27,Leyla Hassan Yusuf,Bosaso,Mobile Phones,Redmi Note 13 Pro 5G,1,190,240,240,190,50,eDahab,Fadumo Hussein
KT-2026-0585,2026-07-15,Hafsa Hirsi Ali,Burao,Accessories,Samsung Galaxy Buds 2 Pro,8,110,150,1200,880,320,Sahal,Sharmaarke Ali
KT-2026-0586,2026-07-26,Fadumo Osman Ali,Galkayo,Mobile Phones,Samsung Galaxy A05s,1,75,98,98,75,23,eDahab,Zahra Jama
KT-2026-0587,2026-07-21,Abdi Nuur Mahamud,Baidoa,Accessories,Baseus 100W Fast Charging Cable,7,5,12,84,35,49,Zaad,Mahad Ahmed
KT-2026-0588,2026-06-11,Sundus Osman Elmi,Kismayo,Mobile Phones,Redmi Note 13 Pro 5G,1,190,240,240,190,50,eDahab,Mahad Ahmed
KT-2026-0589,2026-07-23,Abdirizak Hussein Jama,Bosaso,Mobile Phones,Redmi Note 13 Pro 5G,1,190,240,240,190,50,Premier Wallet,Abdirizak Noor
KT-2026-0590,2026-07-28,Nimo Gedi Shire,Garowe,Mobile Phones,Redmi 13C 128GB,1,85,110,110,85,25,EVC Plus,Abdirizak Noor
KT-2026-0591,2026-06-03,Hassan Said Yusuf,Bosaso,Accessories,Anker MagGo Wireless Power Bank,8,32,50,400,256,144,Cash USD,Sharmaarke Ali
KT-2026-0592,2026-06-30,Omar Ali Shire,Garowe,Mobile Phones,Redmi 13C 128GB,1,85,110,110,85,25,Premier Wallet,Mahad Ahmed
KT-2026-0593,2026-07-30,Mustafe Hussein Farah,Mogadishu,Mobile Phones,Tecno Spark 20 Pro,1,120,155,155,120,35,EVC Plus,Abdirizak Noor
KT-2026-0594,2026-07-31,Hamse Yusuf Abdullahi,Mogadishu,Mobile Phones,Samsung Galaxy S25 Ultra,3,850,1020,3060,2550,510,Cash USD,Fadumo Hussein
KT-2026-0595,2026-07-20,Hodhan Geedi Mohamed,Garowe,Laptops,HP EliteBook 830 G8 Core i7,1,340,430,430,340,90,EVC Plus,Abdirizak Noor
KT-2026-0596,2026-08-25,Liban Abdullahi Isse,Kismayo,Mobile Phones,Redmi 13C 128GB,1,85,110,110,85,25,Cash USD,Sharmaarke Ali
KT-2026-0597,2026-08-10,Zakariya Shire Dahir,Kismayo,Mobile Phones,Samsung Galaxy A05s,1,75,98,98,75,23,EVC Plus,Muna Said
KT-2026-0598,2026-06-28,Khalid Dualeh Hassan,Galkayo,Mobile Phones,iPhone 16 Pro Max 256GB,1,1080,1280,1280,1080,200,Sahal,Abdirizak Noor
KT-2026-0599,2026-06-16,Sumaya Osman Ali,Mogadishu,Tablets,iPad Air M2 11-inch,1,490,590,590,490,100,Premier Wallet,Muna Said
KT-2026-0600,2026-08-16,Sharmaarke Hussein Osman,Bosaso,Laptops,HP ProBook 450 G10,1,490,610,610,490,120,eDahab,Mahad Ahmed
KT-2026-0601,2026-08-20,Mohamed Ibrahim Dahir,Bosaso,Accessories,Anker MagGo Wireless Power Bank,2,32,50,100,64,36,Zaad,Zahra Jama
KT-2026-0602,2026-06-30,Sagal Dualeh Ibrahim,Burao,Accessories,Apple AirPods Pro 2,4,175,225,900,700,200,EVC Plus,Muna Said
KT-2026-0603,2026-07-19,Asma Farah Yusuf,Mogadishu,Laptops,HP ProBook 450 G10,1,490,610,610,490,120,eDahab,Mahad Ahmed
KT-2026-0604,2026-08-09,Nasteho Barre Jama,Galkayo,Mobile Phones,Redmi 13C 128GB,1,85,110,110,85,25,Sahal,Abdirizak Noor
KT-2026-0605,2026-08-10,Ahmed Elmi Farah,Burao,Mobile Phones,Redmi Note 13 Pro 5G,2,190,240,480,380,100,eDahab,Mahad Ahmed
KT-2026-0606,2026-07-29,Mukhtar Dualeh Elmi,Baidoa,Accessories,Apple AirPods Pro 2,3,175,225,675,525,150,EVC Plus,Abdirizak Noor
KT-2026-0607,2026-07-17,Mustafe Geedi Hussein,Baidoa,Mobile Phones,Samsung Galaxy A05s,1,75,98,98,75,23,Premier Wallet,Abdirizak Noor
KT-2026-0608,2026-06-20,Maryan Hassan Dahir,Galkayo,Mobile Phones,Samsung Galaxy S25 Ultra,1,850,1020,1020,850,170,Cash USD,Sharmaarke Ali
KT-2026-0609,2026-06-06,Abdi Mohamed Ahmed,Hargeisa,Laptops,HP ProBook 450 G10,1,490,610,610,490,120,EVC Plus,Abdirizak Noor
KT-2026-0610,2026-08-22,Hibaaq Shire Elmi,Kismayo,Mobile Phones,iPhone 16 Pro 128GB,1,920,1090,1090,920,170,eDahab,Muna Said
KT-2026-0611,2026-06-10,Jibril Ahmed Dahir,Burao,Accessories,Apple 20W USB-C Power Adapter,2,11,20,40,22,18,Premier Wallet,Muna Said
KT-2026-0612,2026-06-08,Sagal Geedi Hassan,Galkayo,Accessories,Fast Charger 65W GaN Dual Port,1,12,24,24,12,12,eDahab,Mahad Ahmed
KT-2026-0613,2026-08-07,Mubarak Hussein Said,Hargeisa,Mobile Phones,Samsung Galaxy A05s,3,75,98,294,225,69,EVC Plus,Sharmaarke Ali
KT-2026-0614,2026-06-30,Nasteho Ahmed Elmi,Garowe,Tablets,iPad Air M2 11-inch,1,490,590,590,490,100,Zaad,Abdirizak Noor
KT-2026-0615,2026-08-11,Asma Abdi Dahir,Galkayo,Accessories,Anker 20000mAh Power Bank 22.5W,8,24,38,304,192,112,Cash USD,Muna Said
KT-2026-0616,2026-07-25,Abdi Jama Hirsi,Baidoa,Laptops,Dell Latitude 5420 i5,1,310,395,395,310,85,Zaad,Abdirizak Noor
KT-2026-0617,2026-08-16,Zahra Ibrahim Liban,Galkayo,Accessories,JBL Charge 5 Bluetooth Speaker,6,115,155,930,690,240,Premier Wallet,Muna Said
KT-2026-0618,2026-07-26,Fadumo Osman Barre,Garowe,Laptops,MacBook Air M2 256GB,1,840,990,990,840,150,Cash USD,Mahad Ahmed
KT-2026-0619,2026-07-17,Idil Abdullahi Ali,Mogadishu,Mobile Phones,Redmi Note 13 Pro 5G,1,190,240,240,190,50,eDahab,Fadumo Hussein
KT-2026-0620,2026-07-09,Bilal Osman Ahmed,Galkayo,Mobile Phones,iPhone 16 Pro Max 256GB,1,1080,1280,1280,1080,200,Cash USD,Mahad Ahmed
KT-2026-0621,2026-08-10,Hassan Mohamed Warsame,Galkayo,Mobile Phones,Samsung Galaxy S24 FE,1,480,580,580,480,100,Sahal,Abdirizak Noor
KT-2026-0622,2026-07-02,Zakariya Said Hussein,Baidoa,Tablets,iPad Air M2 11-inch,2,490,590,1180,980,200,Cash USD,Sharmaarke Ali
KT-2026-0623,2026-07-12,Muna Shire Adan,Hargeisa,Tablets,iPad 10th Gen 64GB,1,310,380,380,310,70,EVC Plus,Muna Said
KT-2026-0624,2026-08-13,Khadra Mohamed Liban,Galkayo,Accessories,Apple 20W USB-C Power Adapter,7,11,20,140,77,63,Premier Wallet,Sharmaarke Ali
KT-2026-0625,2026-06-30,Kadar Dualeh Abdullahi,Mogadishu,Mobile Phones,Redmi Note 13 Pro 5G,1,190,240,240,190,50,Sahal,Abdirizak Noor
KT-2026-0626,2026-08-12,Mustafe Elmi Adan,Garowe,Mobile Phones,Samsung Galaxy S24 FE,1,480,580,580,480,100,Cash USD,Zahra Jama
KT-2026-0627,2026-07-28,Khalid Hassan Said,Baidoa,Mobile Phones,Samsung Galaxy S24 FE,1,480,580,580,480,100,EVC Plus,Zahra Jama
KT-2026-0628,2026-08-13,Guled Abdullahi Yusuf,Hargeisa,Laptops,MacBook Air M2 256GB,1,840,990,990,840,150,Cash USD,Fadumo Hussein
KT-2026-0629,2026-06-18,Sagal Ahmed Shire,Baidoa,Tablets,Samsung Galaxy Tab A9+,1,160,210,210,160,50,eDahab,Abdirizak Noor
KT-2026-0630,2026-08-07,Khalid Hussein Yusuf,Baidoa,Mobile Phones,Redmi 13C 128GB,1,85,110,110,85,25,eDahab,Sharmaarke Ali
KT-2026-0631,2026-06-15,Fartun Ibrahim Ibrahim,Garowe,Mobile Phones,Redmi 13C 128GB,1,85,110,110,85,25,Cash USD,Sharmaarke Ali
KT-2026-0632,2026-07-10,Sharmaarke Gedi Warsame,Bosaso,Laptops,HP EliteBook 830 G8 Core i7,1,340,430,430,340,90,Zaad,Fadumo Hussein
KT-2026-0633,2026-08-27,Sahra Geedi Hussein,Hargeisa,Accessories,Apple AirPods Pro 2,1,175,225,225,175,50,Zaad,Abdirizak Noor
KT-2026-0634,2026-06-19,Amina Liban Adan,Hargeisa,Mobile Phones,Redmi Note 13 Pro 5G,1,190,240,240,190,50,EVC Plus,Mahad Ahmed
KT-2026-0635,2026-06-27,Hamse Hirsi Elmi,Kismayo,Laptops,Lenovo ThinkPad T14 Gen 3,1,520,650,650,520,130,Cash USD,Fadumo Hussein
KT-2026-0636,2026-08-28,Mahad Barre Isse,Mogadishu,Mobile Phones,Tecno Spark 20 Pro,1,120,155,155,120,35,Sahal,Fadumo Hussein
KT-2026-0637,2026-08-29,Farhiya Warsame Dahir,Mogadishu,Mobile Phones,iPhone 15 128GB,1,650,780,780,650,130,Sahal,Muna Said
KT-2026-0638,2026-08-24,Ikran Abdi Ali,Kismayo,Accessories,JBL Charge 5 Bluetooth Speaker,7,115,155,1085,805,280,Zaad,Zahra Jama
KT-2026-0639,2026-08-05,Saciid Liban Shire,Hargeisa,Mobile Phones,Samsung Galaxy A16 5G,1,110,145,145,110,35,Premier Wallet,Abdirizak Noor
KT-2026-0640,2026-08-31,Mohamed Osman Elmi,Kismayo,Mobile Phones,Redmi 13C 128GB,1,85,110,110,85,25,Cash USD,Fadumo Hussein
KT-2026-0641,2026-06-03,Hibaaq Ibrahim Ibrahim,Kismayo,Mobile Phones,Tecno Camon 30 Pro,3,210,260,780,630,150,eDahab,Mahad Ahmed
KT-2026-0642,2026-06-08,Rooda Abdullahi Ali,Kismayo,Mobile Phones,Tecno Camon 30 Pro,1,210,260,260,210,50,Premier Wallet,Muna Said
KT-2026-0643,2026-06-18,Mubarak Abdullahi Elmi,Garowe,Laptops,MacBook Pro M3 512GB,1,1380,1590,1590,1380,210,Zaad,Zahra Jama
KT-2026-0644,2026-07-10,Idil Hirsi Farah,Garowe,Tablets,Samsung Galaxy Tab A9+,1,160,210,210,160,50,eDahab,Muna Said
KT-2026-0645,2026-06-26,Bilal Nuur Adan,Bosaso,Laptops,MacBook Pro M3 512GB,2,1380,1590,3180,2760,420,Zaad,Muna Said
KT-2026-0646,2026-08-12,Mustafe Hussein Hirsi,Hargeisa,Mobile Phones,Samsung Galaxy A16 5G,1,110,145,145,110,35,Zaad,Muna Said
KT-2026-0647,2026-06-04,Rooda Hassan Hassan,Kismayo,Laptops,HP EliteBook 830 G8 Core i7,1,340,430,430,340,90,Cash USD,Muna Said
KT-2026-0648,2026-07-06,Mukhtar Ahmed Abdi,Bosaso,Mobile Phones,Samsung Galaxy A16 5G,1,110,145,145,110,35,eDahab,Abdirizak Noor
KT-2026-0649,2026-07-05,Anas Osman Osman,Mogadishu,Mobile Phones,Infinix Note 40 Pro,1,175,220,220,175,45,Premier Wallet,Fadumo Hussein
KT-2026-0650,2026-08-04,Nimo Dualeh Ibrahim,Bosaso,Accessories,JBL Charge 5 Bluetooth Speaker,7,115,155,1085,805,280,Premier Wallet,Zahra Jama
KT-2026-0651,2026-06-18,Hamse Osman Mohamed,Baidoa,Accessories,Samsung Galaxy Buds 2 Pro,1,110,150,150,110,40,Sahal,Zahra Jama
KT-2026-0652,2026-06-29,Mukhtar Ahmed Hussein,Bosaso,Laptops,HP EliteBook 830 G8 Core i7,1,340,430,430,340,90,Premier Wallet,Muna Said
KT-2026-0653,2026-07-12,Rooda Osman Hassan,Baidoa,Accessories,Samsung Galaxy Buds 2 Pro,1,110,150,150,110,40,eDahab,Muna Said
KT-2026-0654,2026-07-19,Zamzam Gedi Mahamud,Mogadishu,Laptops,Dell Latitude 5420 i5,1,310,395,395,310,85,Premier Wallet,Sharmaarke Ali
KT-2026-0655,2026-07-02,Asma Mohamed Hirsi,Baidoa,Laptops,Dell Latitude 5420 i5,1,310,395,395,310,85,EVC Plus,Fadumo Hussein
KT-2026-0656,2026-07-08,Zamzam Said Said,Burao,Mobile Phones,Samsung Galaxy A16 5G,1,110,145,145,110,35,eDahab,Sharmaarke Ali
KT-2026-0657,2026-08-28,Fuad Dualeh Warsame,Hargeisa,Accessories,Apple AirPods Pro 2,2,175,225,450,350,100,Zaad,Abdirizak Noor
KT-2026-0658,2026-08-29,Mahad Hassan Liban,Burao,Mobile Phones,iPhone 16 Pro Max 256GB,1,1080,1280,1280,1080,200,eDahab,Muna Said
KT-2026-0659,2026-06-26,Khadra Yusuf Liban,Bosaso,Accessories,Anker MagGo Wireless Power Bank,2,32,50,100,64,36,EVC Plus,Sharmaarke Ali
KT-2026-0660,2026-08-30,Sundus Ibrahim Hussein,Baidoa,Accessories,Apple AirPods Pro 2,3,175,225,675,525,150,Premier Wallet,Abdirizak Noor
KT-2026-0661,2026-07-19,Mukhtar Jama Liban,Bosaso,Mobile Phones,Samsung Galaxy A16 5G,2,110,145,290,220,70,Zaad,Muna Said
KT-2026-0662,2026-06-07,Shukri Said Mahamud,Burao,Mobile Phones,Redmi Note 13 Pro 5G,1,190,240,240,190,50,EVC Plus,Fadumo Hussein
KT-2026-0663,2026-06-26,Anas Yusuf Ali,Burao,Laptops,HP ProBook 450 G10,1,490,610,610,490,120,eDahab,Sharmaarke Ali
KT-2026-0664,2026-08-17,Hodhan Ahmed Barre,Burao,Laptops,HP EliteBook 830 G8 Core i7,1,340,430,430,340,90,EVC Plus,Abdirizak Noor
KT-2026-0665,2026-08-16,Khalid Hirsi Yusuf,Garowe,Mobile Phones,iPhone 16 Pro 128GB,1,920,1090,1090,920,170,EVC Plus,Muna Said
KT-2026-0666,2026-07-15,Omar Mohamed Isse,Kismayo,Mobile Phones,Redmi 13C 128GB,2,85,110,220,170,50,EVC Plus,Sharmaarke Ali
KT-2026-0667,2026-07-24,Abdi Cali Said,Bosaso,Laptops,HP EliteBook 830 G8 Core i7,1,340,430,430,340,90,Sahal,Sharmaarke Ali
KT-2026-0668,2026-06-12,Maryan Ibrahim Abdullahi,Hargeisa,Accessories,Samsung Galaxy Buds 2 Pro,7,110,150,1050,770,280,eDahab,Sharmaarke Ali
KT-2026-0669,2026-07-08,Sahra Abdi Adan,Kismayo,Mobile Phones,Redmi 13C 128GB,1,85,110,110,85,25,eDahab,Fadumo Hussein
KT-2026-0670,2026-08-29,Anas Mohamed Abdi,Hargeisa,Laptops,HP ProBook 450 G10,1,490,610,610,490,120,eDahab,Muna Said
KT-2026-0671,2026-07-07,Fadumo Liban Yusuf,Galkayo,Mobile Phones,Samsung Galaxy S24 FE,1,480,580,580,480,100,Premier Wallet,Abdirizak Noor
KT-2026-0672,2026-08-20,Hafsa Jama Gedi,Garowe,Accessories,Anker MagGo Wireless Power Bank,5,32,50,250,160,90,Zaad,Sharmaarke Ali
KT-2026-0673,2026-06-16,Fuad Dualeh Abdi,Garowe,Accessories,Fast Charger 65W GaN Dual Port,7,12,24,168,84,84,Premier Wallet,Sharmaarke Ali
KT-2026-0674,2026-07-13,Sagal Dualeh Ahmed,Mogadishu,Tablets,Samsung Galaxy Tab A9+,1,160,210,210,160,50,Sahal,Mahad Ahmed
KT-2026-0675,2026-06-09,Shukri Elmi Hirsi,Galkayo,Accessories,Samsung Galaxy Buds 2 Pro,1,110,150,150,110,40,EVC Plus,Muna Said
KT-2026-0676,2026-07-13,Zamzam Geedi Barre,Mogadishu,Accessories,Baseus 100W Fast Charging Cable,3,5,12,36,15,21,Zaad,Mahad Ahmed
KT-2026-0677,2026-07-14,Zahra Shire Mohamed,Bosaso,Laptops,HP ProBook 450 G10,1,490,610,610,490,120,Premier Wallet,Abdirizak Noor
KT-2026-0678,2026-07-13,Sumaya Hassan Mahamud,Mogadishu,Accessories,Baseus 100W Fast Charging Cable,5,5,12,60,25,35,eDahab,Muna Said
KT-2026-0679,2026-08-26,Sagal Hirsi Ali,Garowe,Tablets,iPad Air M2 11-inch,1,490,590,590,490,100,Sahal,Sharmaarke Ali
KT-2026-0680,2026-06-20,Naima Ali Liban,Baidoa,Tablets,Samsung Galaxy Tab A9+,1,160,210,210,160,50,Zaad,Abdirizak Noor
KT-2026-0681,2026-08-17,Muna Gedi Abdi,Kismayo,Accessories,Anker MagGo Wireless Power Bank,6,32,50,300,192,108,Cash USD,Sharmaarke Ali
KT-2026-0682,2026-07-05,Khadra Shire Osman,Galkayo,Laptops,HP EliteBook 830 G8 Core i7,1,340,430,430,340,90,Sahal,Fadumo Hussein
KT-2026-0683,2026-08-07,Muna Abdi Ibrahim,Mogadishu,Accessories,Samsung Galaxy Buds 2 Pro,4,110,150,600,440,160,EVC Plus,Zahra Jama
KT-2026-0684,2026-08-04,Suleiman Shire Elmi,Bosaso,Mobile Phones,Samsung Galaxy A05s,1,75,98,98,75,23,Premier Wallet,Muna Said
KT-2026-0685,2026-08-07,Faiza Liban Farah,Hargeisa,Accessories,Baseus 100W Fast Charging Cable,3,5,12,36,15,21,Zaad,Muna Said
KT-2026-0686,2026-06-05,Zamzam Nuur Elmi,Hargeisa,Mobile Phones,iPhone 16 Pro Max 256GB,1,1080,1280,1280,1080,200,EVC Plus,Muna Said
KT-2026-0687,2026-08-16,Mustafe Warsame Mohamed,Hargeisa,Laptops,Dell Latitude 5420 i5,1,310,395,395,310,85,Cash USD,Mahad Ahmed
KT-2026-0688,2026-06-03,Sundus Ahmed Liban,Garowe,Mobile Phones,Samsung Galaxy A05s,1,75,98,98,75,23,eDahab,Mahad Ahmed
KT-2026-0689,2026-07-27,Zakariya Farah Jama,Kismayo,Mobile Phones,Samsung Galaxy S25 Ultra,1,850,1020,1020,850,170,eDahab,Abdirizak Noor
KT-2026-0690,2026-08-05,Hamse Hirsi Ibrahim,Galkayo,Mobile Phones,Tecno Spark 20 Pro,1,120,155,155,120,35,Cash USD,Mahad Ahmed
KT-2026-0691,2026-08-13,Abdi Hussein Said,Galkayo,Laptops,Lenovo ThinkPad T14 Gen 3,1,520,650,650,520,130,Zaad,Sharmaarke Ali
KT-2026-0692,2026-07-31,Hassan Abdullahi Mohamed,Hargeisa,Laptops,MacBook Pro M3 512GB,1,1380,1590,1590,1380,210,Cash USD,Abdirizak Noor
KT-2026-0693,2026-08-15,Fadumo Ibrahim Said,Galkayo,Accessories,Baseus 100W Fast Charging Cable,4,5,12,48,20,28,Cash USD,Muna Said
KT-2026-0694,2026-08-08,Jibril Warsame Barre,Bosaso,Mobile Phones,iPhone 15 128GB,2,650,780,1560,1300,260,Cash USD,Zahra Jama
KT-2026-0695,2026-06-13,Shukri Cali Dahir,Burao,Laptops,HP ProBook 450 G10,1,490,610,610,490,120,Zaad,Fadumo Hussein
KT-2026-0696,2026-08-18,Zahra Ibrahim Abdullahi,Bosaso,Accessories,Anker MagGo Wireless Power Bank,6,32,50,300,192,108,Sahal,Zahra Jama
KT-2026-0697,2026-08-02,Ahmed Shire Abdi,Galkayo,Laptops,HP ProBook 450 G10,1,490,610,610,490,120,Zaad,Mahad Ahmed
KT-2026-0698,2026-07-15,Ridwan Abdi Abdullahi,Hargeisa,Mobile Phones,Redmi 13C 128GB,1,85,110,110,85,25,EVC Plus,Mahad Ahmed
KT-2026-0699,2026-08-08,Zamzam Barre Hassan,Garowe,Tablets,iPad 10th Gen 64GB,1,310,380,380,310,70,Zaad,Zahra Jama
KT-2026-0700,2026-07-20,Mustafe Ahmed Adan,Baidoa,Accessories,Fast Charger 65W GaN Dual Port,7,12,24,168,84,84,eDahab,Mahad Ahmed
KT-2026-0701,2026-08-09,Abdi Cali Isse,Hargeisa,Accessories,Apple AirPods Pro 2,8,175,225,1800,1400,400,EVC Plus,Abdirizak Noor
KT-2026-0702,2026-08-16,Maryan Hirsi Abdi,Burao,Mobile Phones,Samsung Galaxy A16 5G,1,110,145,145,110,35,Premier Wallet,Sharmaarke Ali
KT-2026-0703,2026-08-16,Ayaanle Gedi Abdullahi,Galkayo,Laptops,HP ProBook 450 G10,1,490,610,610,490,120,EVC Plus,Sharmaarke Ali
KT-2026-0704,2026-06-28,Saciid Barre Dahir,Mogadishu,Accessories,Samsung Galaxy Buds 2 Pro,3,110,150,450,330,120,Cash USD,Fadumo Hussein
KT-2026-0705,2026-07-28,Zamzam Gedi Barre,Burao,Mobile Phones,Samsung Galaxy A05s,1,75,98,98,75,23,Sahal,Mahad Ahmed
KT-2026-0706,2026-08-12,Zahra Hassan Adan,Galkayo,Mobile Phones,iPhone 15 128GB,1,650,780,780,650,130,eDahab,Abdirizak Noor
KT-2026-0707,2026-07-22,Abdirizak Said Mohamed,Galkayo,Accessories,Apple 20W USB-C Power Adapter,1,11,20,20,11,9,EVC Plus,Muna Said
KT-2026-0708,2026-08-11,Deqo Said Ali,Garowe,Laptops,MacBook Pro M3 512GB,1,1380,1590,1590,1380,210,Premier Wallet,Muna Said
KT-2026-0709,2026-07-11,Zamzam Abdullahi Hassan,Garowe,Accessories,Anker 20000mAh Power Bank 22.5W,3,24,38,114,72,42,Premier Wallet,Fadumo Hussein
KT-2026-0710,2026-06-25,Naima Ibrahim Hassan,Bosaso,Mobile Phones,Redmi Note 13 Pro 5G,3,190,240,720,570,150,Cash USD,Fadumo Hussein
KT-2026-0711,2026-06-18,Ahmed Dualeh Ali,Bosaso,Accessories,Apple AirPods Pro 2,8,175,225,1800,1400,400,Cash USD,Zahra Jama
KT-2026-0712,2026-06-18,Omar Dualeh Hassan,Burao,Accessories,Apple 20W USB-C Power Adapter,7,11,20,140,77,63,eDahab,Fadumo Hussein
KT-2026-0713,2026-07-29,Sagal Warsame Abdullahi,Galkayo,Mobile Phones,Tecno Camon 30 Pro,1,210,260,260,210,50,eDahab,Sharmaarke Ali
KT-2026-0714,2026-08-13,Ikran Geedi Osman,Kismayo,Laptops,MacBook Pro M3 512GB,2,1380,1590,3180,2760,420,eDahab,Mahad Ahmed
KT-2026-0715,2026-06-05,Farhan Shire Adan,Galkayo,Mobile Phones,Samsung Galaxy S25 Ultra,1,850,1020,1020,850,170,Cash USD,Sharmaarke Ali
KT-2026-0716,2026-06-19,Idil Elmi Hussein,Hargeisa,Mobile Phones,Tecno Camon 30 Pro,1,210,260,260,210,50,Cash USD,Muna Said
KT-2026-0717,2026-08-25,Ayaanle Dualeh Hirsi,Kismayo,Tablets,iPad 10th Gen 64GB,1,310,380,380,310,70,Sahal,Abdirizak Noor
KT-2026-0718,2026-06-02,Idil Elmi Shire,Galkayo,Laptops,MacBook Pro M3 512GB,1,1380,1590,1590,1380,210,Sahal,Mahad Ahmed
KT-2026-0719,2026-06-22,Suaad Gedi Mahamud,Kismayo,Accessories,Apple AirPods Pro 2,5,175,225,1125,875,250,EVC Plus,Muna Said
KT-2026-0720,2026-07-31,Farhan Mohamed Isse,Kismayo,Accessories,Fast Charger 65W GaN Dual Port,1,12,24,24,12,12,Sahal,Zahra Jama
KT-2026-0721,2026-06-11,Ridwan Hussein Yusuf,Kismayo,Mobile Phones,Samsung Galaxy S24 FE,1,480,580,580,480,100,Sahal,Mahad Ahmed
KT-2026-0722,2026-06-02,Anas Jama Barre,Bosaso,Accessories,Anker 20000mAh Power Bank 22.5W,8,24,38,304,192,112,Sahal,Fadumo Hussein
KT-2026-0723,2026-07-04,Liban Jama Elmi,Mogadishu,Mobile Phones,Redmi 13C 128GB,3,85,110,330,255,75,Zaad,Abdirizak Noor
KT-2026-0724,2026-06-20,Faiza Hassan Abdullahi,Garowe,Accessories,Anker 20000mAh Power Bank 22.5W,8,24,38,304,192,112,Cash USD,Muna Said
KT-2026-0725,2026-06-22,Farhan Geedi Ibrahim,Mogadishu,Tablets,Samsung Galaxy Tab A9+,1,160,210,210,160,50,EVC Plus,Sharmaarke Ali
KT-2026-0726,2026-06-22,Zamzam Shire Said,Burao,Accessories,Apple AirPods Pro 2,4,175,225,900,700,200,Premier Wallet,Muna Said
KT-2026-0727,2026-08-30,Hafsa Yusuf Farah,Baidoa,Mobile Phones,iPhone 16 Pro Max 256GB,1,1080,1280,1280,1080,200,Premier Wallet,Zahra Jama
KT-2026-0728,2026-08-26,Asha Cali Mohamed,Hargeisa,Laptops,Lenovo ThinkPad T14 Gen 3,1,520,650,650,520,130,Premier Wallet,Abdirizak Noor
KT-2026-0729,2026-08-23,Maryan Yusuf Yusuf,Hargeisa,Mobile Phones,Tecno Spark 20 Pro,1,120,155,155,120,35,Premier Wallet,Zahra Jama
KT-2026-0730,2026-08-26,Mubarak Cali Barre,Garowe,Laptops,Dell Latitude 5420 i5,1,310,395,395,310,85,Cash USD,Fadumo Hussein
KT-2026-0731,2026-07-11,Ayaanle Ali Hussein,Mogadishu,Laptops,MacBook Pro M3 512GB,1,1380,1590,1590,1380,210,EVC Plus,Muna Said
KT-2026-0732,2026-07-28,Hodhan Geedi Said,Kismayo,Mobile Phones,Samsung Galaxy A05s,1,75,98,98,75,23,eDahab,Sharmaarke Ali
KT-2026-0733,2026-06-08,Anas Dualeh Abdi,Hargeisa,Mobile Phones,iPhone 15 128GB,2,650,780,1560,1300,260,Zaad,Zahra Jama
KT-2026-0734,2026-08-24,Saciid Abdi Adan,Bosaso,Mobile Phones,Tecno Spark 20 Pro,1,120,155,155,120,35,Cash USD,Sharmaarke Ali
KT-2026-0735,2026-08-21,Zahra Yusuf Hassan,Galkayo,Mobile Phones,Tecno Spark 20 Pro,1,120,155,155,120,35,EVC Plus,Mahad Ahmed
KT-2026-0736,2026-06-08,Zamzam Liban Mohamed,Kismayo,Accessories,Baseus 100W Fast Charging Cable,5,5,12,60,25,35,Zaad,Zahra Jama
KT-2026-0737,2026-06-09,Zahra Ahmed Gedi,Baidoa,Mobile Phones,Samsung Galaxy A16 5G,1,110,145,145,110,35,EVC Plus,Fadumo Hussein
KT-2026-0738,2026-08-09,Nasteho Gedi Dahir,Hargeisa,Laptops,HP EliteBook 830 G8 Core i7,1,340,430,430,340,90,EVC Plus,Sharmaarke Ali
KT-2026-0739,2026-06-10,Farhan Geedi Yusuf,Burao,Mobile Phones,iPhone 16 Pro Max 256GB,2,1080,1280,2560,2160,400,Zaad,Muna Said
KT-2026-0740,2026-08-21,Jibril Mohamed Isse,Baidoa,Mobile Phones,Tecno Spark 20 Pro,1,120,155,155,120,35,Sahal,Zahra Jama
KT-2026-0741,2026-08-13,Ridwan Nuur Shire,Burao,Laptops,MacBook Pro M3 512GB,1,1380,1590,1590,1380,210,Cash USD,Sharmaarke Ali
KT-2026-0742,2026-08-09,Abdirahman Abdullahi Adan,Burao,Mobile Phones,Samsung Galaxy S25 Ultra,1,850,1020,1020,850,170,Sahal,Mahad Ahmed
KT-2026-0743,2026-08-27,Zamzam Mohamed Dahir,Hargeisa,Mobile Phones,Infinix Note 40 Pro,1,175,220,220,175,45,Sahal,Sharmaarke Ali
KT-2026-0744,2026-07-29,Sundus Ahmed Jama,Mogadishu,Laptops,MacBook Air M2 256GB,1,840,990,990,840,150,Sahal,Muna Said
KT-2026-0745,2026-07-20,Kadar Nuur Ibrahim,Burao,Mobile Phones,iPhone 15 128GB,2,650,780,1560,1300,260,Premier Wallet,Muna Said
KT-2026-0746,2026-06-25,Mohamed Ahmed Ali,Garowe,Laptops,HP ProBook 450 G10,1,490,610,610,490,120,eDahab,Muna Said
KT-2026-0747,2026-07-10,Sagal Warsame Ali,Mogadishu,Mobile Phones,Redmi 13C 128GB,1,85,110,110,85,25,Cash USD,Sharmaarke Ali
KT-2026-0748,2026-07-22,Hamse Dualeh Isse,Burao,Accessories,Anker 20000mAh Power Bank 22.5W,3,24,38,114,72,42,Cash USD,Abdirizak Noor
KT-2026-0749,2026-06-30,Mohamed Geedi Farah,Burao,Tablets,Samsung Galaxy Tab A9+,1,160,210,210,160,50,eDahab,Sharmaarke Ali
KT-2026-0750,2026-07-02,Abdirahman Jama Dahir,Mogadishu,Accessories,Apple 20W USB-C Power Adapter,5,11,20,100,55,45,EVC Plus,Zahra Jama
KT-2026-0751,2026-08-18,Ismail Barre Hussein,Hargeisa,Mobile Phones,Samsung Galaxy S25 Ultra,1,850,1020,1020,850,170,eDahab,Fadumo Hussein
KT-2026-0752,2026-06-09,Yasin Liban Mahamud,Baidoa,Mobile Phones,Redmi 13C 128GB,1,85,110,110,85,25,Cash USD,Abdirizak Noor
KT-2026-0753,2026-08-09,Mustafe Ahmed Mohamed,Bosaso,Mobile Phones,Redmi 13C 128GB,1,85,110,110,85,25,Sahal,Fadumo Hussein
KT-2026-0754,2026-07-24,Suaad Ibrahim Hirsi,Bosaso,Laptops,HP EliteBook 830 G8 Core i7,1,340,430,430,340,90,eDahab,Sharmaarke Ali
KT-2026-0755,2026-06-18,Suleiman Dualeh Gedi,Baidoa,Accessories,Samsung Galaxy Buds 2 Pro,3,110,150,450,330,120,EVC Plus,Zahra Jama
KT-2026-0756,2026-06-11,Abdirahman Jama Hussein,Kismayo,Laptops,MacBook Pro M3 512GB,1,1380,1590,1590,1380,210,Premier Wallet,Muna Said
KT-2026-0757,2026-06-17,Omar Dualeh Yusuf,Burao,Laptops,MacBook Pro M3 512GB,1,1380,1590,1590,1380,210,Zaad,Abdirizak Noor
KT-2026-0758,2026-08-28,Anas Jama Adan,Burao,Tablets,iPad 10th Gen 64GB,3,310,380,1140,930,210,Cash USD,Mahad Ahmed
KT-2026-0759,2026-07-15,Amina Hirsi Osman,Garowe,Mobile Phones,Samsung Galaxy S25 Ultra,3,850,1020,3060,2550,510,EVC Plus,Abdirizak Noor
KT-2026-0760,2026-07-17,Fuad Dualeh Isse,Garowe,Mobile Phones,Tecno Spark 20 Pro,1,120,155,155,120,35,EVC Plus,Fadumo Hussein
KT-2026-0761,2026-08-27,Hafsa Jama Jama,Mogadishu,Mobile Phones,iPhone 16 Pro 128GB,1,920,1090,1090,920,170,Sahal,Fadumo Hussein
KT-2026-0762,2026-07-26,Maryan Gedi Warsame,Mogadishu,Mobile Phones,Samsung Galaxy S25 Ultra,1,850,1020,1020,850,170,eDahab,Fadumo Hussein
KT-2026-0763,2026-06-21,Liban Elmi Abdi,Hargeisa,Accessories,Apple 20W USB-C Power Adapter,4,11,20,80,44,36,Cash USD,Zahra Jama
KT-2026-0764,2026-08-15,Fartun Ahmed Mahamud,Galkayo,Mobile Phones,Tecno Camon 30 Pro,1,210,260,260,210,50,Sahal,Fadumo Hussein
KT-2026-0765,2026-06-13,Mubarak Hassan Ahmed,Baidoa,Accessories,Apple 20W USB-C Power Adapter,4,11,20,80,44,36,EVC Plus,Zahra Jama
KT-2026-0766,2026-08-14,Farhiya Hassan Farah,Garowe,Tablets,iPad 10th Gen 64GB,1,310,380,380,310,70,Premier Wallet,Mahad Ahmed
KT-2026-0767,2026-06-18,Asma Ahmed Dahir,Galkayo,Mobile Phones,Tecno Spark 20 Pro,1,120,155,155,120,35,Zaad,Sharmaarke Ali
KT-2026-0768,2026-08-28,Zakariya Farah Abdi,Burao,Laptops,HP EliteBook 830 G8 Core i7,1,340,430,430,340,90,Sahal,Fadumo Hussein
KT-2026-0769,2026-07-08,Suleiman Dualeh Gedi,Bosaso,Tablets,iPad Air M2 11-inch,3,490,590,1770,1470,300,Zaad,Sharmaarke Ali
KT-2026-0770,2026-07-23,Ikran Ahmed Barre,Burao,Accessories,Baseus 100W Fast Charging Cable,8,5,12,96,40,56,Sahal,Sharmaarke Ali
KT-2026-0771,2026-07-25,Khalid Liban Hassan,Garowe,Accessories,Apple 20W USB-C Power Adapter,3,11,20,60,33,27,eDahab,Sharmaarke Ali
KT-2026-0772,2026-07-24,Mohamed Shire Mahamud,Mogadishu,Laptops,MacBook Pro M3 512GB,1,1380,1590,1590,1380,210,Premier Wallet,Muna Said
KT-2026-0773,2026-06-13,Hafsa Osman Hussein,Mogadishu,Accessories,Anker MagGo Wireless Power Bank,7,32,50,350,224,126,Zaad,Fadumo Hussein
KT-2026-0774,2026-07-16,Hodhan Dualeh Hussein,Mogadishu,Laptops,HP ProBook 450 G10,1,490,610,610,490,120,Zaad,Muna Said
KT-2026-0775,2026-07-29,Fuad Warsame Farah,Baidoa,Mobile Phones,Samsung Galaxy A16 5G,1,110,145,145,110,35,Sahal,Muna Said
KT-2026-0776,2026-07-30,Abdirizak Dualeh Hussein,Baidoa,Accessories,Apple 20W USB-C Power Adapter,6,11,20,120,66,54,eDahab,Sharmaarke Ali
KT-2026-0777,2026-07-08,Faiza Yusuf Adan,Garowe,Accessories,Fast Charger 65W GaN Dual Port,2,12,24,48,24,24,eDahab,Mahad Ahmed
KT-2026-0778,2026-06-08,Rooda Mohamed Abdi,Baidoa,Mobile Phones,Infinix Note 40 Pro,1,175,220,220,175,45,EVC Plus,Mahad Ahmed
KT-2026-0779,2026-07-17,Kadar Hirsi Adan,Hargeisa,Laptops,Lenovo ThinkPad T14 Gen 3,1,520,650,650,520,130,Zaad,Fadumo Hussein
KT-2026-0780,2026-07-13,Guled Abdi Dahir,Burao,Accessories,Apple AirPods Pro 2,4,175,225,900,700,200,Cash USD,Fadumo Hussein
KT-2026-0781,2026-07-12,Rooda Yusuf Elmi,Baidoa,Mobile Phones,Tecno Spark 20 Pro,1,120,155,155,120,35,Sahal,Mahad Ahmed
KT-2026-0782,2026-07-28,Asha Elmi Abdi,Burao,Accessories,Anker MagGo Wireless Power Bank,5,32,50,250,160,90,Premier Wallet,Abdirizak Noor
KT-2026-0783,2026-07-18,Hamse Warsame Hussein,Hargeisa,Laptops,MacBook Air M2 256GB,1,840,990,990,840,150,Sahal,Sharmaarke Ali
KT-2026-0784,2026-06-14,Zakariya Abdi Adan,Bosaso,Laptops,HP ProBook 450 G10,1,490,610,610,490,120,Zaad,Abdirizak Noor
KT-2026-0785,2026-08-20,Bilal Hassan Isse,Bosaso,Laptops,HP ProBook 450 G10,1,490,610,610,490,120,Premier Wallet,Muna Said
KT-2026-0786,2026-08-22,Bilal Ahmed Hussein,Mogadishu,Accessories,JBL Charge 5 Bluetooth Speaker,4,115,155,620,460,160,eDahab,Muna Said
KT-2026-0787,2026-07-13,Kiin Liban Dahir,Galkayo,Laptops,HP ProBook 450 G10,1,490,610,610,490,120,Cash USD,Abdirizak Noor
KT-2026-0788,2026-08-10,Idil Said Barre,Bosaso,Accessories,Apple 20W USB-C Power Adapter,5,11,20,100,55,45,Zaad,Mahad Ahmed
KT-2026-0789,2026-06-30,Leyla Said Mohamed,Bosaso,Mobile Phones,Infinix Note 40 Pro,1,175,220,220,175,45,Zaad,Abdirizak Noor
KT-2026-0790,2026-06-21,Muna Jama Adan,Bosaso,Mobile Phones,Samsung Galaxy A16 5G,1,110,145,145,110,35,EVC Plus,Mahad Ahmed
KT-2026-0791,2026-08-13,Fuad Yusuf Ibrahim,Bosaso,Mobile Phones,Samsung Galaxy A05s,1,75,98,98,75,23,EVC Plus,Muna Said
KT-2026-0792,2026-07-11,Sahra Ibrahim Warsame,Bosaso,Laptops,Lenovo ThinkPad T14 Gen 3,1,520,650,650,520,130,EVC Plus,Zahra Jama
KT-2026-0793,2026-08-03,Fuad Liban Farah,Mogadishu,Accessories,Apple AirPods Pro 2,6,175,225,1350,1050,300,Cash USD,Muna Said
KT-2026-0794,2026-07-08,Rooda Said Barre,Bosaso,Accessories,Fast Charger 65W GaN Dual Port,8,12,24,192,96,96,Sahal,Muna Said
KT-2026-0795,2026-06-15,Rooda Mohamed Farah,Hargeisa,Mobile Phones,Redmi Note 13 Pro 5G,1,190,240,240,190,50,eDahab,Fadumo Hussein
KT-2026-0796,2026-07-28,Khadra Liban Mohamed,Garowe,Tablets,iPad Air M2 11-inch,1,490,590,590,490,100,Sahal,Fadumo Hussein
KT-2026-0797,2026-06-03,Guled Warsame Isse,Hargeisa,Laptops,Dell Latitude 5420 i5,1,310,395,395,310,85,Premier Wallet,Mahad Ahmed
KT-2026-0798,2026-08-17,Jibril Cali Ibrahim,Baidoa,Mobile Phones,Samsung Galaxy S24 FE,1,480,580,580,480,100,Premier Wallet,Mahad Ahmed
KT-2026-0799,2026-07-20,Amina Said Ibrahim,Galkayo,Mobile Phones,Redmi Note 13 Pro 5G,3,190,240,720,570,150,eDahab,Sharmaarke Ali
KT-2026-0800,2026-06-28,Asma Hassan Warsame,Kismayo,Mobile Phones,Samsung Galaxy A16 5G,2,110,145,290,220,70,Premier Wallet,Muna Said
KT-2026-0801,2026-07-24,Ismail Barre Gedi,Hargeisa,Mobile Phones,Samsung Galaxy S24 FE,1,480,580,580,480,100,Premier Wallet,Abdirizak Noor
KT-2026-0802,2026-07-13,Jibril Barre Abdullahi,Hargeisa,Mobile Phones,iPhone 16 Pro Max 256GB,1,1080,1280,1280,1080,200,Sahal,Zahra Jama
KT-2026-0803,2026-06-23,Nimo Barre Farah,Garowe,Mobile Phones,Samsung Galaxy A16 5G,2,110,145,290,220,70,Sahal,Abdirizak Noor
KT-2026-0804,2026-08-02,Ismail Said Barre,Kismayo,Laptops,HP ProBook 450 G10,1,490,610,610,490,120,Premier Wallet,Fadumo Hussein
KT-2026-0805,2026-06-04,Omar Yusuf Said,Burao,Mobile Phones,Samsung Galaxy S25 Ultra,1,850,1020,1020,850,170,Sahal,Zahra Jama
KT-2026-0806,2026-06-23,Zahra Nuur Dahir,Garowe,Mobile Phones,iPhone 16 Pro Max 256GB,1,1080,1280,1280,1080,200,Sahal,Zahra Jama
KT-2026-0807,2026-06-09,Kiin Shire Barre,Baidoa,Accessories,JBL Charge 5 Bluetooth Speaker,5,115,155,775,575,200,Cash USD,Muna Said
KT-2026-0808,2026-07-31,Sharmaarke Elmi Mahamud,Mogadishu,Accessories,JBL Charge 5 Bluetooth Speaker,5,115,155,775,575,200,Zaad,Abdirizak Noor
KT-2026-0809,2026-06-08,Mustafe Warsame Adan,Bosaso,Mobile Phones,Infinix Note 40 Pro,1,175,220,220,175,45,Sahal,Mahad Ahmed
KT-2026-0810,2026-07-24,Farhiya Said Said,Hargeisa,Laptops,Dell Latitude 5420 i5,1,310,395,395,310,85,Cash USD,Fadumo Hussein
KT-2026-0811,2026-06-13,Guled Liban Liban,Kismayo,Mobile Phones,Tecno Spark 20 Pro,1,120,155,155,120,35,Cash USD,Mahad Ahmed
KT-2026-0812,2026-06-13,Naima Farah Ali,Bosaso,Laptops,Dell Latitude 5420 i5,1,310,395,395,310,85,Premier Wallet,Zahra Jama
KT-2026-0813,2026-07-14,Hassan Ahmed Farah,Garowe,Accessories,Baseus 100W Fast Charging Cable,4,5,12,48,20,28,eDahab,Abdirizak Noor
KT-2026-0814,2026-08-28,Yasin Warsame Hussein,Hargeisa,Accessories,Baseus 100W Fast Charging Cable,3,5,12,36,15,21,EVC Plus,Zahra Jama
KT-2026-0815,2026-07-15,Nimo Ibrahim Farah,Burao,Accessories,Apple 20W USB-C Power Adapter,6,11,20,120,66,54,Zaad,Muna Said
KT-2026-0816,2026-07-09,Mubarak Abdi Osman,Bosaso,Accessories,JBL Charge 5 Bluetooth Speaker,3,115,155,465,345,120,Cash USD,Fadumo Hussein
KT-2026-0817,2026-07-10,Hamse Farah Hussein,Baidoa,Accessories,Anker MagGo Wireless Power Bank,2,32,50,100,64,36,EVC Plus,Sharmaarke Ali
KT-2026-0818,2026-08-01,Farhiya Ahmed Abdi,Mogadishu,Accessories,Fast Charger 65W GaN Dual Port,1,12,24,24,12,12,Premier Wallet,Sharmaarke Ali
KT-2026-0819,2026-07-03,Ahmed Said Isse,Mogadishu,Accessories,Samsung Galaxy Buds 2 Pro,2,110,150,300,220,80,EVC Plus,Abdirizak Noor
KT-2026-0820,2026-06-27,Abdi Cali Ibrahim,Mogadishu,Mobile Phones,iPhone 15 128GB,1,650,780,780,650,130,Cash USD,Mahad Ahmed
KT-2026-0821,2026-08-14,Leyla Jama Elmi,Garowe,Laptops,Dell Latitude 5420 i5,1,310,395,395,310,85,EVC Plus,Abdirizak Noor
KT-2026-0822,2026-06-02,Suaad Ahmed Said,Bosaso,Accessories,Apple 20W USB-C Power Adapter,1,11,20,20,11,9,Cash USD,Sharmaarke Ali
KT-2026-0823,2026-06-28,Leyla Nuur Barre,Bosaso,Laptops,HP EliteBook 830 G8 Core i7,1,340,430,430,340,90,EVC Plus,Fadumo Hussein
KT-2026-0824,2026-07-16,Fartun Ahmed Elmi,Garowe,Laptops,MacBook Pro M3 512GB,1,1380,1590,1590,1380,210,Sahal,Sharmaarke Ali
KT-2026-0825,2026-07-30,Ridwan Farah Shire,Galkayo,Accessories,Anker MagGo Wireless Power Bank,5,32,50,250,160,90,eDahab,Muna Said
KT-2026-0826,2026-06-06,Mustafe Shire Abdi,Baidoa,Mobile Phones,Redmi Note 13 Pro 5G,1,190,240,240,190,50,Cash USD,Mahad Ahmed
KT-2026-0827,2026-08-27,Hodhan Hirsi Hassan,Kismayo,Accessories,JBL Charge 5 Bluetooth Speaker,7,115,155,1085,805,280,Zaad,Sharmaarke Ali
KT-2026-0828,2026-07-31,Muna Ali Isse,Burao,Accessories,Anker 20000mAh Power Bank 22.5W,2,24,38,76,48,28,Premier Wallet,Zahra Jama
KT-2026-0829,2026-08-06,Hassan Farah Abdullahi,Baidoa,Accessories,Anker MagGo Wireless Power Bank,2,32,50,100,64,36,Cash USD,Fadumo Hussein
KT-2026-0830,2026-06-09,Nasteho Liban Ahmed,Baidoa,Mobile Phones,Samsung Galaxy S25 Ultra,1,850,1020,1020,850,170,Premier Wallet,Muna Said
KT-2026-0831,2026-08-03,Faiza Nuur Barre,Kismayo,Accessories,Samsung Galaxy Buds 2 Pro,7,110,150,1050,770,280,Sahal,Zahra Jama
KT-2026-0832,2026-08-25,Hafsa Elmi Yusuf,Bosaso,Accessories,Samsung Galaxy Buds 2 Pro,8,110,150,1200,880,320,EVC Plus,Sharmaarke Ali
KT-2026-0833,2026-07-03,Hafsa Osman Dahir,Bosaso,Mobile Phones,iPhone 16 Pro Max 256GB,1,1080,1280,1280,1080,200,EVC Plus,Sharmaarke Ali
KT-2026-0834,2026-08-03,Abdi Abdullahi Gedi,Galkayo,Mobile Phones,Samsung Galaxy S24 FE,1,480,580,580,480,100,eDahab,Sharmaarke Ali
KT-2026-0835,2026-06-10,Sumaya Warsame Ahmed,Kismayo,Accessories,Anker 20000mAh Power Bank 22.5W,8,24,38,304,192,112,Premier Wallet,Abdirizak Noor
KT-2026-0836,2026-07-04,Sumaya Hirsi Hirsi,Mogadishu,Accessories,Samsung Galaxy Buds 2 Pro,1,110,150,150,110,40,Premier Wallet,Sharmaarke Ali
KT-2026-0837,2026-07-20,Maryan Abdullahi Warsame,Burao,Mobile Phones,iPhone 16 Pro 128GB,1,920,1090,1090,920,170,eDahab,Muna Said
KT-2026-0838,2026-07-09,Liban Hassan Farah,Kismayo,Accessories,Anker MagGo Wireless Power Bank,7,32,50,350,224,126,Premier Wallet,Sharmaarke Ali
KT-2026-0839,2026-08-12,Hibaaq Hirsi Isse,Burao,Laptops,HP ProBook 450 G10,1,490,610,610,490,120,Zaad,Abdirizak Noor
KT-2026-0840,2026-06-08,Rahma Shire Barre,Baidoa,Tablets,iPad 10th Gen 64GB,1,310,380,380,310,70,Sahal,Mahad Ahmed
KT-2026-0841,2026-06-08,Farhan Mohamed Farah,Galkayo,Mobile Phones,Infinix Note 40 Pro,2,175,220,440,350,90,eDahab,Sharmaarke Ali
KT-2026-0842,2026-08-20,Zamzam Abdi Hassan,Galkayo,Mobile Phones,Infinix Note 40 Pro,1,175,220,220,175,45,EVC Plus,Muna Said
KT-2026-0843,2026-07-02,Khalid Dualeh Said,Hargeisa,Accessories,Anker MagGo Wireless Power Bank,2,32,50,100,64,36,Sahal,Sharmaarke Ali
KT-2026-0844,2026-07-14,Abdirahman Hirsi Liban,Mogadishu,Laptops,HP EliteBook 830 G8 Core i7,1,340,430,430,340,90,Premier Wallet,Abdirizak Noor
KT-2026-0845,2026-08-05,Rahma Ali Adan,Burao,Tablets,iPad Air M2 11-inch,1,490,590,590,490,100,Sahal,Zahra Jama
KT-2026-0846,2026-08-13,Maryan Barre Abdi,Burao,Mobile Phones,Samsung Galaxy S25 Ultra,1,850,1020,1020,850,170,Zaad,Mahad Ahmed
KT-2026-0847,2026-08-03,Muna Gedi Said,Galkayo,Laptops,MacBook Pro M3 512GB,1,1380,1590,1590,1380,210,Cash USD,Sharmaarke Ali
KT-2026-0848,2026-08-08,Bilal Yusuf Mohamed,Kismayo,Tablets,iPad Air M2 11-inch,1,490,590,590,490,100,Zaad,Abdirizak Noor
KT-2026-0849,2026-06-12,Farhan Liban Yusuf,Hargeisa,Tablets,iPad Air M2 11-inch,2,490,590,1180,980,200,Premier Wallet,Zahra Jama
KT-2026-0850,2026-06-27,Sumaya Hussein Dahir,Kismayo,Laptops,Dell Latitude 5420 i5,1,310,395,395,310,85,Premier Wallet,Muna Said
KT-2026-0851,2026-08-09,Nasteho Hassan Abdullahi,Kismayo,Tablets,iPad 10th Gen 64GB,1,310,380,380,310,70,Cash USD,Abdirizak Noor
KT-2026-0852,2026-06-24,Kadar Nuur Elmi,Bosaso,Tablets,iPad Air M2 11-inch,1,490,590,590,490,100,Cash USD,Muna Said
KT-2026-0853,2026-07-30,Zahra Dualeh Hirsi,Baidoa,Tablets,iPad Air M2 11-inch,1,490,590,590,490,100,EVC Plus,Abdirizak Noor
KT-2026-0854,2026-06-26,Idil Farah Osman,Bosaso,Accessories,Apple AirPods Pro 2,5,175,225,1125,875,250,Premier Wallet,Zahra Jama
KT-2026-0855,2026-07-11,Kadar Ahmed Hassan,Kismayo,Accessories,Baseus 100W Fast Charging Cable,5,5,12,60,25,35,Cash USD,Fadumo Hussein
KT-2026-0856,2026-07-03,Mahad Osman Abdi,Bosaso,Mobile Phones,Samsung Galaxy A05s,1,75,98,98,75,23,Sahal,Zahra Jama
KT-2026-0857,2026-08-02,Fartun Dualeh Mohamed,Garowe,Mobile Phones,Samsung Galaxy A16 5G,1,110,145,145,110,35,EVC Plus,Mahad Ahmed
KT-2026-0858,2026-07-06,Kadar Mohamed Mahamud,Burao,Accessories,Fast Charger 65W GaN Dual Port,1,12,24,24,12,12,EVC Plus,Sharmaarke Ali
KT-2026-0859,2026-07-11,Ikran Hussein Hassan,Galkayo,Accessories,Anker 20000mAh Power Bank 22.5W,2,24,38,76,48,28,Premier Wallet,Muna Said
KT-2026-0860,2026-06-18,Hassan Barre Mahamud,Hargeisa,Laptops,Dell Latitude 5420 i5,1,310,395,395,310,85,eDahab,Abdirizak Noor
KT-2026-0861,2026-07-03,Rooda Hussein Osman,Hargeisa,Accessories,Samsung Galaxy Buds 2 Pro,6,110,150,900,660,240,Sahal,Abdirizak Noor
KT-2026-0862,2026-07-20,Jibril Hassan Ahmed,Bosaso,Mobile Phones,Samsung Galaxy S25 Ultra,1,850,1020,1020,850,170,Sahal,Zahra Jama
KT-2026-0863,2026-07-23,Ikran Barre Mohamed,Burao,Laptops,Lenovo ThinkPad T14 Gen 3,1,520,650,650,520,130,EVC Plus,Mahad Ahmed
KT-2026-0864,2026-08-09,Hafsa Cali Osman,Kismayo,Accessories,Apple 20W USB-C Power Adapter,3,11,20,60,33,27,Sahal,Zahra Jama
KT-2026-0865,2026-08-31,Naima Said Ali,Mogadishu,Accessories,Baseus 100W Fast Charging Cable,1,5,12,12,5,7,Cash USD,Muna Said
KT-2026-0866,2026-07-01,Sagal Abdullahi Said,Galkayo,Accessories,Apple 20W USB-C Power Adapter,2,11,20,40,22,18,eDahab,Fadumo Hussein
KT-2026-0867,2026-07-27,Amina Abdullahi Yusuf,Kismayo,Mobile Phones,iPhone 15 128GB,2,650,780,1560,1300,260,Zaad,Mahad Ahmed
KT-2026-0868,2026-06-27,Jibril Warsame Dahir,Galkayo,Accessories,Apple 20W USB-C Power Adapter,7,11,20,140,77,63,EVC Plus,Mahad Ahmed
KT-2026-0869,2026-06-11,Hafsa Geedi Hassan,Galkayo,Accessories,Anker MagGo Wireless Power Bank,7,32,50,350,224,126,EVC Plus,Fadumo Hussein
KT-2026-0870,2026-08-29,Asha Hussein Ibrahim,Baidoa,Tablets,iPad 10th Gen 64GB,1,310,380,380,310,70,eDahab,Muna Said
KT-2026-0871,2026-07-12,Nimo Ali Mohamed,Bosaso,Tablets,Samsung Galaxy Tab A9+,1,160,210,210,160,50,Cash USD,Fadumo Hussein
KT-2026-0872,2026-06-01,Nasteho Dualeh Said,Galkayo,Tablets,iPad Air M2 11-inch,1,490,590,590,490,100,Zaad,Fadumo Hussein
KT-2026-0873,2026-08-06,Abdirizak Gedi Isse,Baidoa,Accessories,Fast Charger 65W GaN Dual Port,6,12,24,144,72,72,Premier Wallet,Zahra Jama
KT-2026-0874,2026-06-18,Muna Cali Barre,Galkayo,Accessories,Fast Charger 65W GaN Dual Port,5,12,24,120,60,60,Zaad,Sharmaarke Ali
KT-2026-0875,2026-07-24,Muna Abdullahi Abdullahi,Garowe,Mobile Phones,iPhone 16 Pro Max 256GB,2,1080,1280,2560,2160,400,eDahab,Muna Said
KT-2026-0876,2026-08-18,Jibril Hussein Warsame,Garowe,Mobile Phones,Tecno Spark 20 Pro,1,120,155,155,120,35,Zaad,Sharmaarke Ali
KT-2026-0877,2026-07-22,Fadumo Yusuf Farah,Hargeisa,Mobile Phones,Infinix Note 40 Pro,1,175,220,220,175,45,eDahab,Sharmaarke Ali
KT-2026-0878,2026-06-02,Faiza Warsame Isse,Burao,Mobile Phones,Samsung Galaxy S25 Ultra,1,850,1020,1020,850,170,Zaad,Fadumo Hussein
KT-2026-0879,2026-07-05,Asma Shire Abdullahi,Bosaso,Laptops,MacBook Pro M3 512GB,1,1380,1590,1590,1380,210,eDahab,Fadumo Hussein
KT-2026-0880,2026-07-07,Yasin Jama Hassan,Bosaso,Mobile Phones,iPhone 16 Pro Max 256GB,1,1080,1280,1280,1080,200,Sahal,Fadumo Hussein
KT-2026-0881,2026-08-19,Zahra Osman Ibrahim,Burao,Mobile Phones,iPhone 15 128GB,1,650,780,780,650,130,Zaad,Mahad Ahmed
KT-2026-0882,2026-08-28,Hibaaq Ahmed Adan,Baidoa,Accessories,Anker MagGo Wireless Power Bank,7,32,50,350,224,126,Cash USD,Abdirizak Noor
KT-2026-0883,2026-07-03,Hassan Hirsi Mohamed,Mogadishu,Mobile Phones,Redmi 13C 128GB,2,85,110,220,170,50,Premier Wallet,Mahad Ahmed
KT-2026-0884,2026-08-17,Abdirahman Yusuf Elmi,Baidoa,Mobile Phones,Redmi Note 13 Pro 5G,3,190,240,720,570,150,Cash USD,Mahad Ahmed
KT-2026-0885,2026-06-17,Farhan Jama Yusuf,Bosaso,Laptops,Dell Latitude 5420 i5,1,310,395,395,310,85,Sahal,Zahra Jama
KT-2026-0886,2026-06-17,Mustafe Nuur Elmi,Baidoa,Mobile Phones,Samsung Galaxy S24 FE,1,480,580,580,480,100,Sahal,Sharmaarke Ali
KT-2026-0887,2026-06-17,Ikran Yusuf Mahamud,Galkayo,Laptops,MacBook Pro M3 512GB,1,1380,1590,1590,1380,210,Sahal,Abdirizak Noor
KT-2026-0888,2026-07-04,Fartun Jama Liban,Burao,Accessories,Samsung Galaxy Buds 2 Pro,3,110,150,450,330,120,eDahab,Muna Said
KT-2026-0889,2026-08-21,Farhiya Ahmed Farah,Mogadishu,Mobile Phones,Tecno Camon 30 Pro,1,210,260,260,210,50,Premier Wallet,Mahad Ahmed
KT-2026-0890,2026-06-21,Fartun Abdi Shire,Mogadishu,Laptops,HP EliteBook 830 G8 Core i7,1,340,430,430,340,90,Cash USD,Abdirizak Noor
KT-2026-0891,2026-08-02,Hafsa Abdi Mahamud,Bosaso,Mobile Phones,Samsung Galaxy S25 Ultra,1,850,1020,1020,850,170,Zaad,Mahad Ahmed
KT-2026-0892,2026-06-24,Mubarak Elmi Yusuf,Garowe,Tablets,iPad Air M2 11-inch,3,490,590,1770,1470,300,EVC Plus,Abdirizak Noor
KT-2026-0893,2026-08-13,Yasin Hussein Osman,Burao,Accessories,Anker 20000mAh Power Bank 22.5W,2,24,38,76,48,28,Sahal,Sharmaarke Ali
KT-2026-0894,2026-07-07,Mahad Ibrahim Barre,Hargeisa,Accessories,Baseus 100W Fast Charging Cable,6,5,12,72,30,42,Zaad,Sharmaarke Ali
KT-2026-0895,2026-06-11,Naima Nuur Isse,Burao,Laptops,HP EliteBook 830 G8 Core i7,1,340,430,430,340,90,Sahal,Abdirizak Noor
KT-2026-0896,2026-08-24,Mustafe Mohamed Dahir,Burao,Mobile Phones,Redmi 13C 128GB,2,85,110,220,170,50,Cash USD,Abdirizak Noor
KT-2026-0897,2026-06-17,Abdirizak Mohamed Dahir,Kismayo,Mobile Phones,Redmi 13C 128GB,1,85,110,110,85,25,Cash USD,Sharmaarke Ali
KT-2026-0898,2026-08-10,Khadra Abdullahi Yusuf,Bosaso,Mobile Phones,Tecno Camon 30 Pro,3,210,260,780,630,150,Premier Wallet,Sharmaarke Ali
KT-2026-0899,2026-06-03,Abdi Abdullahi Abdullahi,Kismayo,Tablets,Samsung Galaxy Tab A9+,1,160,210,210,160,50,Cash USD,Fadumo Hussein
KT-2026-0900,2026-06-16,Hafsa Hassan Mahamud,Kismayo,Accessories,Apple 20W USB-C Power Adapter,3,11,20,60,33,27,Sahal,Muna Said
KT-2026-0901,2026-06-13,Asha Ahmed Shire,Burao,Accessories,Apple 20W USB-C Power Adapter,7,11,20,140,77,63,Premier Wallet,Mahad Ahmed
KT-2026-0902,2026-08-12,Khadra Hassan Ibrahim,Bosaso,Laptops,MacBook Pro M3 512GB,1,1380,1590,1590,1380,210,EVC Plus,Sharmaarke Ali
KT-2026-0903,2026-08-05,Idil Cali Osman,Bosaso,Laptops,HP ProBook 450 G10,1,490,610,610,490,120,Cash USD,Abdirizak Noor
KT-2026-0904,2026-06-11,Idil Hassan Hussein,Burao,Mobile Phones,Redmi Note 13 Pro 5G,1,190,240,240,190,50,Zaad,Muna Said
KT-2026-0905,2026-07-09,Ridwan Hassan Said,Mogadishu,Laptops,Lenovo ThinkPad T14 Gen 3,1,520,650,650,520,130,EVC Plus,Abdirizak Noor
KT-2026-0906,2026-06-14,Fartun Abdi Warsame,Kismayo,Mobile Phones,Infinix Note 40 Pro,1,175,220,220,175,45,EVC Plus,Abdirizak Noor
KT-2026-0907,2026-06-03,Mubarak Cali Warsame,Bosaso,Accessories,Fast Charger 65W GaN Dual Port,3,12,24,72,36,36,Premier Wallet,Sharmaarke Ali
KT-2026-0908,2026-06-11,Rooda Nuur Said,Galkayo,Tablets,iPad Air M2 11-inch,1,490,590,590,490,100,Cash USD,Zahra Jama
KT-2026-0909,2026-08-19,Maryan Jama Ahmed,Bosaso,Mobile Phones,iPhone 15 128GB,1,650,780,780,650,130,eDahab,Mahad Ahmed
KT-2026-0910,2026-08-26,Yasin Hirsi Ali,Mogadishu,Laptops,MacBook Air M2 256GB,1,840,990,990,840,150,Zaad,Muna Said
KT-2026-0911,2026-08-01,Nimo Abdullahi Isse,Burao,Mobile Phones,Redmi Note 13 Pro 5G,1,190,240,240,190,50,eDahab,Mahad Ahmed
KT-2026-0912,2026-08-28,Sumaya Said Hussein,Bosaso,Mobile Phones,Samsung Galaxy S24 FE,1,480,580,580,480,100,EVC Plus,Sharmaarke Ali
KT-2026-0913,2026-08-29,Abdirizak Ali Ahmed,Burao,Tablets,Samsung Galaxy Tab A9+,1,160,210,210,160,50,Zaad,Zahra Jama
KT-2026-0914,2026-08-20,Ahmed Said Warsame,Bosaso,Laptops,HP ProBook 450 G10,1,490,610,610,490,120,EVC Plus,Fadumo Hussein
KT-2026-0915,2026-06-20,Hafsa Shire Ali,Burao,Tablets,iPad Air M2 11-inch,1,490,590,590,490,100,Sahal,Abdirizak Noor
KT-2026-0916,2026-07-21,Mustafe Ali Abdi,Baidoa,Laptops,MacBook Pro M3 512GB,1,1380,1590,1590,1380,210,Cash USD,Abdirizak Noor
KT-2026-0917,2026-08-16,Farhiya Shire Abdullahi,Burao,Laptops,Dell Latitude 5420 i5,1,310,395,395,310,85,eDahab,Muna Said
KT-2026-0918,2026-08-02,Suaad Mohamed Elmi,Mogadishu,Laptops,MacBook Pro M3 512GB,1,1380,1590,1590,1380,210,eDahab,Sharmaarke Ali
KT-2026-0919,2026-07-05,Rooda Shire Abdi,Burao,Tablets,iPad 10th Gen 64GB,2,310,380,760,620,140,Sahal,Zahra Jama
KT-2026-0920,2026-08-29,Amina Jama Said,Garowe,Laptops,HP ProBook 450 G10,1,490,610,610,490,120,Zaad,Abdirizak Noor
KT-2026-0921,2026-06-29,Zahra Gedi Adan,Burao,Mobile Phones,Samsung Galaxy S24 FE,2,480,580,1160,960,200,Cash USD,Muna Said
KT-2026-0922,2026-07-20,Naima Cali Dahir,Galkayo,Accessories,Fast Charger 65W GaN Dual Port,8,12,24,192,96,96,Zaad,Abdirizak Noor
KT-2026-0923,2026-06-27,Nimo Geedi Hussein,Burao,Mobile Phones,Samsung Galaxy S24 FE,1,480,580,580,480,100,Zaad,Abdirizak Noor
KT-2026-0924,2026-08-02,Suleiman Hassan Shire,Kismayo,Mobile Phones,Tecno Camon 30 Pro,1,210,260,260,210,50,EVC Plus,Sharmaarke Ali
KT-2026-0925,2026-07-16,Leyla Cali Jama,Bosaso,Accessories,Baseus 100W Fast Charging Cable,1,5,12,12,5,7,EVC Plus,Mahad Ahmed
KT-2026-0926,2026-07-26,Anas Osman Abdi,Garowe,Laptops,HP ProBook 450 G10,1,490,610,610,490,120,Sahal,Mahad Ahmed
KT-2026-0927,2026-06-06,Rooda Farah Adan,Hargeisa,Accessories,Anker MagGo Wireless Power Bank,1,32,50,50,32,18,Premier Wallet,Zahra Jama
KT-2026-0928,2026-06-15,Suleiman Gedi Gedi,Hargeisa,Accessories,Baseus 100W Fast Charging Cable,1,5,12,12,5,7,eDahab,Sharmaarke Ali
KT-2026-0929,2026-06-22,Abdirizak Ahmed Ibrahim,Bosaso,Accessories,Apple AirPods Pro 2,5,175,225,1125,875,250,Cash USD,Zahra Jama
KT-2026-0930,2026-08-04,Asma Abdi Farah,Galkayo,Mobile Phones,Redmi 13C 128GB,2,85,110,220,170,50,EVC Plus,Fadumo Hussein
KT-2026-0931,2026-07-27,Faiza Ali Osman,Burao,Mobile Phones,Redmi 13C 128GB,1,85,110,110,85,25,Zaad,Sharmaarke Ali
KT-2026-0932,2026-07-05,Nimo Hassan Ibrahim,Garowe,Mobile Phones,Samsung Galaxy S24 FE,1,480,580,580,480,100,eDahab,Zahra Jama
KT-2026-0933,2026-06-30,Suleiman Hassan Hassan,Baidoa,Accessories,Apple 20W USB-C Power Adapter,8,11,20,160,88,72,eDahab,Muna Said
KT-2026-0934,2026-07-17,Fuad Farah Ali,Hargeisa,Mobile Phones,iPhone 15 128GB,1,650,780,780,650,130,Premier Wallet,Fadumo Hussein
KT-2026-0935,2026-07-26,Mahad Mohamed Isse,Bosaso,Accessories,Apple 20W USB-C Power Adapter,1,11,20,20,11,9,Cash USD,Muna Said
KT-2026-0936,2026-08-24,Fartun Abdullahi Isse,Kismayo,Accessories,Apple AirPods Pro 2,6,175,225,1350,1050,300,Sahal,Sharmaarke Ali
KT-2026-0937,2026-07-06,Suaad Abdullahi Warsame,Garowe,Accessories,Apple 20W USB-C Power Adapter,8,11,20,160,88,72,Cash USD,Mahad Ahmed
KT-2026-0938,2026-08-23,Faiza Ahmed Said,Hargeisa,Mobile Phones,iPhone 16 Pro 128GB,1,920,1090,1090,920,170,Premier Wallet,Muna Said
KT-2026-0939,2026-06-17,Nasteho Hussein Elmi,Kismayo,Laptops,Dell Latitude 5420 i5,1,310,395,395,310,85,Cash USD,Fadumo Hussein
KT-2026-0940,2026-06-03,Saciid Hirsi Barre,Kismayo,Mobile Phones,Tecno Camon 30 Pro,2,210,260,520,420,100,Sahal,Muna Said
KT-2026-0941,2026-07-25,Mubarak Mohamed Ibrahim,Kismayo,Tablets,Samsung Galaxy Tab A9+,1,160,210,210,160,50,EVC Plus,Sharmaarke Ali
KT-2026-0942,2026-08-23,Fuad Said Barre,Mogadishu,Laptops,HP EliteBook 830 G8 Core i7,1,340,430,430,340,90,Zaad,Muna Said
KT-2026-0943,2026-08-14,Sharmaarke Said Said,Bosaso,Accessories,Anker MagGo Wireless Power Bank,7,32,50,350,224,126,eDahab,Muna Said
KT-2026-0944,2026-07-02,Mustafe Elmi Barre,Garowe,Accessories,Baseus 100W Fast Charging Cable,6,5,12,72,30,42,Premier Wallet,Sharmaarke Ali
KT-2026-0945,2026-06-19,Naima Hassan Hussein,Hargeisa,Mobile Phones,iPhone 16 Pro 128GB,1,920,1090,1090,920,170,Zaad,Zahra Jama
KT-2026-0946,2026-06-28,Khadra Ibrahim Isse,Baidoa,Tablets,iPad Air M2 11-inch,1,490,590,590,490,100,Premier Wallet,Mahad Ahmed
KT-2026-0947,2026-08-14,Sundus Hassan Warsame,Burao,Accessories,Apple AirPods Pro 2,7,175,225,1575,1225,350,Zaad,Fadumo Hussein
KT-2026-0948,2026-08-04,Liban Nuur Warsame,Bosaso,Accessories,Anker MagGo Wireless Power Bank,2,32,50,100,64,36,Cash USD,Fadumo Hussein
KT-2026-0949,2026-07-29,Farhiya Geedi Jama,Galkayo,Mobile Phones,Samsung Galaxy S25 Ultra,1,850,1020,1020,850,170,Premier Wallet,Sharmaarke Ali
KT-2026-0950,2026-06-16,Kiin Said Mohamed,Bosaso,Mobile Phones,Samsung Galaxy S25 Ultra,1,850,1020,1020,850,170,Sahal,Mahad Ahmed
KT-2026-0951,2026-07-08,Amina Farah Farah,Baidoa,Mobile Phones,iPhone 16 Pro 128GB,2,920,1090,2180,1840,340,Sahal,Mahad Ahmed
KT-2026-0952,2026-06-28,Ismail Geedi Shire,Mogadishu,Mobile Phones,Samsung Galaxy S25 Ultra,1,850,1020,1020,850,170,EVC Plus,Sharmaarke Ali
KT-2026-0953,2026-07-24,Kiin Said Barre,Burao,Accessories,Apple 20W USB-C Power Adapter,6,11,20,120,66,54,Premier Wallet,Zahra Jama
KT-2026-0954,2026-08-17,Mukhtar Farah Elmi,Burao,Accessories,Samsung Galaxy Buds 2 Pro,8,110,150,1200,880,320,Cash USD,Zahra Jama
KT-2026-0955,2026-06-20,Khadra Gedi Isse,Baidoa,Laptops,MacBook Air M2 256GB,1,840,990,990,840,150,Premier Wallet,Mahad Ahmed
KT-2026-0956,2026-08-09,Ayaanle Warsame Mahamud,Kismayo,Tablets,Samsung Galaxy Tab A9+,1,160,210,210,160,50,Zaad,Muna Said
KT-2026-0957,2026-06-04,Sagal Dualeh Abdi,Hargeisa,Mobile Phones,Samsung Galaxy A05s,3,75,98,294,225,69,eDahab,Abdirizak Noor
KT-2026-0958,2026-06-07,Mukhtar Shire Elmi,Mogadishu,Mobile Phones,Samsung Galaxy S25 Ultra,1,850,1020,1020,850,170,eDahab,Fadumo Hussein
KT-2026-0959,2026-06-03,Sumaya Ahmed Osman,Burao,Mobile Phones,iPhone 15 128GB,2,650,780,1560,1300,260,eDahab,Mahad Ahmed
KT-2026-0960,2026-07-22,Liban Ali Liban,Baidoa,Mobile Phones,Samsung Galaxy A16 5G,1,110,145,145,110,35,eDahab,Mahad Ahmed
KT-2026-0961,2026-07-19,Khadra Abdi Abdi,Bosaso,Mobile Phones,Redmi Note 13 Pro 5G,1,190,240,240,190,50,Sahal,Sharmaarke Ali
KT-2026-0962,2026-06-20,Fartun Cali Jama,Mogadishu,Tablets,iPad 10th Gen 64GB,3,310,380,1140,930,210,Zaad,Sharmaarke Ali
KT-2026-0963,2026-08-31,Bilal Abdullahi Abdi,Galkayo,Mobile Phones,Samsung Galaxy S24 FE,1,480,580,580,480,100,Sahal,Mahad Ahmed
KT-2026-0964,2026-07-19,Mohamed Ahmed Osman,Garowe,Laptops,HP ProBook 450 G10,1,490,610,610,490,120,eDahab,Zahra Jama
KT-2026-0965,2026-06-15,Farhiya Liban Warsame,Baidoa,Mobile Phones,iPhone 15 128GB,1,650,780,780,650,130,Premier Wallet,Muna Said
KT-2026-0966,2026-06-30,Zakariya Hirsi Barre,Hargeisa,Mobile Phones,Tecno Camon 30 Pro,1,210,260,260,210,50,Cash USD,Fadumo Hussein
KT-2026-0967,2026-07-09,Idil Hussein Dahir,Garowe,Accessories,Fast Charger 65W GaN Dual Port,3,12,24,72,36,36,Sahal,Abdirizak Noor
KT-2026-0968,2026-06-22,Guled Hassan Hirsi,Burao,Mobile Phones,iPhone 16 Pro 128GB,1,920,1090,1090,920,170,Premier Wallet,Abdirizak Noor
KT-2026-0969,2026-07-08,Abdirahman Mohamed Shire,Kismayo,Tablets,iPad 10th Gen 64GB,1,310,380,380,310,70,Cash USD,Zahra Jama
KT-2026-0970,2026-07-15,Farhan Elmi Said,Mogadishu,Mobile Phones,Samsung Galaxy A16 5G,1,110,145,145,110,35,eDahab,Sharmaarke Ali
KT-2026-0971,2026-07-09,Mahad Nuur Abdi,Bosaso,Accessories,Apple AirPods Pro 2,5,175,225,1125,875,250,Premier Wallet,Fadumo Hussein
KT-2026-0972,2026-08-18,Rooda Cali Liban,Kismayo,Accessories,Samsung Galaxy Buds 2 Pro,8,110,150,1200,880,320,Sahal,Fadumo Hussein
KT-2026-0973,2026-08-24,Maryan Ahmed Warsame,Galkayo,Mobile Phones,iPhone 16 Pro Max 256GB,2,1080,1280,2560,2160,400,Zaad,Muna Said
KT-2026-0974,2026-06-01,Amina Ali Isse,Bosaso,Laptops,MacBook Pro M3 512GB,1,1380,1590,1590,1380,210,Cash USD,Muna Said
KT-2026-0975,2026-08-02,Sagal Hussein Dahir,Hargeisa,Laptops,Lenovo ThinkPad T14 Gen 3,1,520,650,650,520,130,Cash USD,Zahra Jama
KT-2026-0976,2026-08-26,Sharmaarke Abdullahi Gedi,Galkayo,Laptops,MacBook Air M2 256GB,1,840,990,990,840,150,Cash USD,Sharmaarke Ali
KT-2026-0977,2026-06-16,Leyla Ahmed Warsame,Mogadishu,Mobile Phones,Tecno Camon 30 Pro,1,210,260,260,210,50,Sahal,Muna Said
KT-2026-0978,2026-08-30,Nasteho Hussein Gedi,Kismayo,Accessories,Fast Charger 65W GaN Dual Port,4,12,24,96,48,48,Zaad,Zahra Jama
KT-2026-0979,2026-07-17,Zakariya Shire Adan,Garowe,Mobile Phones,iPhone 16 Pro Max 256GB,1,1080,1280,1280,1080,200,Cash USD,Zahra Jama
KT-2026-0980,2026-06-15,Kiin Elmi Shire,Bosaso,Laptops,Lenovo ThinkPad T14 Gen 3,1,520,650,650,520,130,Cash USD,Abdirizak Noor
KT-2026-0981,2026-08-26,Ahmed Barre Farah,Hargeisa,Mobile Phones,Samsung Galaxy S24 FE,1,480,580,580,480,100,eDahab,Fadumo Hussein
KT-2026-0982,2026-08-06,Nasteho Cali Ali,Kismayo,Accessories,Anker 20000mAh Power Bank 22.5W,8,24,38,304,192,112,EVC Plus,Zahra Jama
KT-2026-0983,2026-08-22,Abdirizak Liban Hassan,Baidoa,Mobile Phones,Tecno Spark 20 Pro,1,120,155,155,120,35,eDahab,Zahra Jama
KT-2026-0984,2026-08-03,Asha Mohamed Mahamud,Garowe,Mobile Phones,iPhone 16 Pro 128GB,1,920,1090,1090,920,170,Premier Wallet,Abdirizak Noor
KT-2026-0985,2026-07-28,Amina Abdullahi Ahmed,Galkayo,Mobile Phones,iPhone 15 128GB,2,650,780,1560,1300,260,EVC Plus,Muna Said
KT-2026-0986,2026-06-29,Khadra Osman Ahmed,Bosaso,Mobile Phones,Redmi 13C 128GB,1,85,110,110,85,25,Cash USD,Muna Said
KT-2026-0987,2026-06-13,Liban Hassan Ali,Galkayo,Accessories,Baseus 100W Fast Charging Cable,5,5,12,60,25,35,Zaad,Sharmaarke Ali
KT-2026-0988,2026-07-31,Mustafe Mohamed Liban,Garowe,Mobile Phones,iPhone 15 128GB,1,650,780,780,650,130,eDahab,Zahra Jama
KT-2026-0989,2026-06-13,Kiin Abdi Hussein,Mogadishu,Mobile Phones,iPhone 16 Pro 128GB,1,920,1090,1090,920,170,Cash USD,Sharmaarke Ali
KT-2026-0990,2026-06-17,Jibril Warsame Mohamed,Kismayo,Tablets,iPad 10th Gen 64GB,1,310,380,380,310,70,EVC Plus,Sharmaarke Ali
KT-2026-0991,2026-08-26,Guled Mohamed Said,Baidoa,Laptops,MacBook Air M2 256GB,1,840,990,990,840,150,Premier Wallet,Fadumo Hussein
KT-2026-0992,2026-08-16,Fuad Abdullahi Warsame,Baidoa,Accessories,Apple 20W USB-C Power Adapter,2,11,20,40,22,18,Sahal,Muna Said
KT-2026-0993,2026-08-26,Fuad Elmi Liban,Garowe,Mobile Phones,Samsung Galaxy S25 Ultra,1,850,1020,1020,850,170,eDahab,Muna Said
KT-2026-0994,2026-06-09,Saciid Barre Farah,Kismayo,Mobile Phones,Infinix Note 40 Pro,1,175,220,220,175,45,Cash USD,Abdirizak Noor
KT-2026-0995,2026-07-27,Khalid Farah Mohamed,Mogadishu,Mobile Phones,Samsung Galaxy S24 FE,1,480,580,580,480,100,Premier Wallet,Abdirizak Noor
KT-2026-0996,2026-08-23,Shukri Barre Hirsi,Bosaso,Mobile Phones,Samsung Galaxy S24 FE,1,480,580,580,480,100,eDahab,Mahad Ahmed
KT-2026-0997,2026-07-08,Amina Elmi Barre,Bosaso,Mobile Phones,iPhone 16 Pro 128GB,1,920,1090,1090,920,170,eDahab,Sharmaarke Ali
KT-2026-0998,2026-07-25,Nasteho Ahmed Dahir,Garowe,Accessories,Fast Charger 65W GaN Dual Port,2,12,24,48,24,24,Sahal,Fadumo Hussein
KT-2026-0999,2026-08-25,Nimo Nuur Warsame,Galkayo,Accessories,JBL Charge 5 Bluetooth Speaker,6,115,155,930,690,240,eDahab,Mahad Ahmed
KT-2026-1000,2026-07-24,Muna Abdi Warsame,Mogadishu,Laptops,HP ProBook 450 G10,1,490,610,610,490,120,EVC Plus,Muna Said
